{
  "googleplus-post-z13ocfcaalvjw3nl2230s1rylouwdha5f04": {
    "nr_comments": 4, 
    "tags": "", 
    "URL": "https://plus.google.com/105965670531255563832/posts/6no1PTysfeX", 
    "text": "Jutroooo....\u2600\ufe0f\u2600\ufe0f\u2600\ufe0f", 
    "nr_likes": 41, 
    "user": {
      "URL": "https://plus.google.com/105965670531255563832", 
      "id": "105965670531255563832", 
      "name": "Milena B."
    }, 
    "keyword": "velenje", 
    "id": "z13ocfcaalvjw3nl2230s1rylouwdha5f04", 
    "sentiment": "", 
    "language": "so", 
    "created": "2018-01-02 07:46:00", 
    "title": "Jutroooo....\u2600\ufe0f\u2600\ufe0f\u2600\ufe0f", 
    "type": "googleplus-post"
  }, 
  "googleplus-post-z13vddu4wymiytbzc04cddho2pqktb0hj30": {
    "nr_comments": 0, 
    "tags": "", 
    "URL": "https://plus.google.com/+DimitrisAsteriou/posts/fr73cPSNfbK", 
    "text": "<b>To all King Riders members with GW</b><br />The Kings Riders Club To all King Riders members with GW Get ready, we&#39;ll all go to GWEF anniversary treffen 27-28-29-30/6-1/7 2018 Velenje, Slovenia", 
    "nr_likes": 0, 
    "user": {
      "URL": "https://plus.google.com/118423463751386912693", 
      "id": "118423463751386912693", 
      "name": "Dimitris Asteriou"
    }, 
    "keyword": "velenje", 
    "id": "z13vddu4wymiytbzc04cddho2pqktb0hj30", 
    "sentiment": "pos", 
    "language": "en", 
    "created": "2017-12-31 07:55:12", 
    "title": "To all King Riders members with GW\nThe Kings Riders Club To all King Riders members with GW Get ready...", 
    "type": "googleplus-post"
  }, 
  "googleplus-post-z13yyzsyjqjwupbgf04cgvv41nnqzl35ers0k": {
    "nr_comments": 0, 
    "tags": "", 
    "URL": "https://plus.google.com/100120116156561548469/posts/QHhTMVCaChA", 
    "text": "Up in the sky ", 
    "nr_likes": 1, 
    "user": {
      "URL": "https://plus.google.com/100120116156561548469", 
      "id": "100120116156561548469", 
      "name": "Goran \u201cVK Wedding Photography\u201d Vadlja Kamenja\u0161evi\u0107"
    }, 
    "keyword": "velenje", 
    "id": "z13yyzsyjqjwupbgf04cgvv41nnqzl35ers0k", 
    "sentiment": "neg", 
    "language": "en", 
    "created": "2018-01-02 01:01:18", 
    "title": "Up in the sky", 
    "type": "googleplus-post"
  }, 
  "googleplus-post-z13agv5hwymxch0aa04ccnph4ua0fdnxrcw": {
    "nr_comments": 0, 
    "tags": "", 
    "URL": "https://plus.google.com/+RJZVelenje/posts/a7rQdBBv5jH", 
    "text": "", 
    "nr_likes": 0, 
    "user": {
      "URL": "https://plus.google.com/112579955985523466869", 
      "id": "112579955985523466869", 
      "name": "RJZ Velenje"
    }, 
    "keyword": "velenje", 
    "id": "z13agv5hwymxch0aa04ccnph4ua0fdnxrcw", 
    "sentiment": "", 
    "language": "", 
    "created": "2017-12-29 20:51:06", 
    "title": "", 
    "type": "googleplus-post"
  }, 
  "googleplus-post-z12rzfcrppabhxpvl222irrycyfkvr0jk04": {
    "nr_comments": 0, 
    "tags": "", 
    "URL": "https://plus.google.com/106578238976731741917/posts/L1tgeLNRTLA", 
    "text": "", 
    "nr_likes": 0, 
    "user": {
      "URL": "https://plus.google.com/106578238976731741917", 
      "id": "106578238976731741917", 
      "name": "Miroslav Bre\u0161ar"
    }, 
    "keyword": "velenje", 
    "id": "z12rzfcrppabhxpvl222irrycyfkvr0jk04", 
    "sentiment": "", 
    "language": "", 
    "created": "2018-01-02 11:17:03", 
    "title": "", 
    "type": "googleplus-post"
  }
}