{
  "tumblr-post-169301696755": {
    "sentiment": "", 
    "language": "fr", 
    "created": "2018-01-04 11:09:08", 
    "URL": "https://tmblr.co/Z716Yj2ThAk3p", 
    "text": "01-04 Nikita Khrouchtchev prononce un discours \u00e0 son arriv\u00e9e dans la ville mini\u00e8re, \u00e0 ses c\u00f4t\u00e9 Tito, \u00e0 Velenje, \u2026 http://dlvr.it/Q8r6b0", 
    "keyword": "velenje", 
    "tags": "velenje", 
    "type": "tumblr-post", 
    "id": "169301696755", 
    "user": {
      "description": "Travel Destination Slovenia", 
      "URL": "phylliswrightthings.tumblr.com", 
      "nr_posts": 63220, 
      "name": "phylliswrightthings", 
      "id": "phylliswrightthings", 
      "screen_name": "Slovenia"
    }
  }, 
  "tumblr-post-169297485495": {
    "sentiment": "", 
    "language": "fr", 
    "created": "2018-01-04 07:35:08", 
    "URL": "https://tmblr.co/Z716Yj2Tgwfwt", 
    "text": "01-04 Un mineur accueille Nikita Khrouctchev \u00e0 Velenje, Yougoslavie en ao\u00fbt 1963. (Photo by KEYSTONE-FRANCE/Gamma-Rapho via Getty Images) #velenje http://dlvr.it/Q8pxS9", 
    "keyword": "velenje", 
    "tags": "velenje", 
    "type": "tumblr-post", 
    "id": "169297485495", 
    "user": {
      "description": "Travel Destination Slovenia", 
      "URL": "phylliswrightthings.tumblr.com", 
      "nr_posts": 63220, 
      "name": "phylliswrightthings", 
      "id": "phylliswrightthings", 
      "screen_name": "Slovenia"
    }
  }, 
  "tumblr-post-169332006635": {
    "sentiment": "", 
    "language": "fr", 
    "created": "2018-01-05 04:16:08", 
    "URL": "https://tmblr.co/Z716Yj2Ti_Lxh", 
    "text": "01-05 Nikita Khrouchtchev prononce un discours \u00e0 son arriv\u00e9e dans la ville mini\u00e8re, \u00e0 ses c\u00f4t\u00e9 Tito, \u00e0 Velenje, \u2026 http://dlvr.it/Q8xz64", 
    "keyword": "velenje", 
    "tags": "velenje", 
    "type": "tumblr-post", 
    "id": "169332006635", 
    "user": {
      "description": "Travel Destination Slovenia", 
      "URL": "phylliswrightthings.tumblr.com", 
      "nr_posts": 63220, 
      "name": "phylliswrightthings", 
      "id": "phylliswrightthings", 
      "screen_name": "Slovenia"
    }
  }
}