{
  "youtube-video-EjTNTdampT8": {
    "description": "Zbirka \u010de\u0161kog akademskog kipara Franti\u0161eka Foitla sadr\u017ei originalne predmete iz afri\u010dke kulturne ba\u0161tine uklju\u010duju\u0107i i maske, lutke i ukrasne predmete, koje je Franti\u0161ek Foitl sakupljao...", 
    "nr_comments": 0, 
    "tags": "Framti\u0161ek Flohtl, Velenje, moja afrika, enver palali\u0107", 
    "URL": "https://www.youtube.com/watch?v=EjTNTdampT8", 
    "nr_dislikes": 0, 
    "nr_likes": 0, 
    "user": {
      "nr_friends": 220, 
      "name": "Enver Palali\u0107", 
      "nr_videos": 339, 
      "created": "2010-06-13 00:38:10", 
      "URL": "https://www.youtube.com/channel/UC0ph8kNFPxb8cSzVRpn_Oag", 
      "country": "HR", 
      "id": "UC0ph8kNFPxb8cSzVRpn_Oag", 
      "description": ""
    }, 
    "keyword": "velenje", 
    "id": "EjTNTdampT8", 
    "nr_views": 16, 
    "sentiment": "", 
    "language": "hr", 
    "created": "2017-12-31 22:35:54", 
    "title": "Moja afrika, Zbirka Franti\u0161eka Foltla Velenje", 
    "type": "youtube-video"
  }, 
  "youtube-video-YzYowErYYNY": {
    "description": "Monsun - Vojna \u010dustev ( Velenje )", 
    "nr_comments": 0, 
    "tags": "monsun, vojna \u010dustev, rock, band, slo, \u0161kofja loka, velenje", 
    "URL": "https://www.youtube.com/watch?v=YzYowErYYNY", 
    "nr_dislikes": 0, 
    "nr_likes": 0, 
    "user": {
      "nr_friends": 12, 
      "name": "monsun band", 
      "nr_videos": 8, 
      "created": "2015-04-30 10:52:51", 
      "URL": "https://www.youtube.com/channel/UCR3jEyM097eTFhYKhdyF5Jw", 
      "country": null, 
      "id": "UCR3jEyM097eTFhYKhdyF5Jw", 
      "description": ""
    }, 
    "keyword": "velenje", 
    "id": "YzYowErYYNY", 
    "nr_views": 2, 
    "sentiment": "neg", 
    "language": "sl", 
    "created": "2018-01-02 18:24:50", 
    "title": "Monsun - Vojna \u010dustev ( Velenje )", 
    "type": "youtube-video"
  }, 
  "youtube-video-EAI1ZpCj9K8": {
    "description": "Fun with my son Leon. He loves electric Yedoo City. Do you want it? Rent 365 or more? Skirostar.si Kickbikes.si.", 
    "nr_comments": 0, 
    "tags": "Kick-bike, skiro, push bike, kickbikes.si", 
    "URL": "https://www.youtube.com/watch?v=EAI1ZpCj9K8", 
    "nr_dislikes": 0, 
    "nr_likes": 3, 
    "user": {
      "nr_friends": 82, 
      "name": "MITJA KO\u017dELJ", 
      "nr_videos": 42, 
      "created": "2010-04-05 19:39:45", 
      "URL": "https://www.youtube.com/channel/UCKx9eTl4CSvWqBnAqagecSg", 
      "country": null, 
      "id": "UCKx9eTl4CSvWqBnAqagecSg", 
      "description": "My life, my way"
    }, 
    "keyword": "velenje", 
    "id": "EAI1ZpCj9K8", 
    "nr_views": 20, 
    "sentiment": "pos", 
    "language": "en", 
    "created": "2017-12-31 12:08:09", 
    "title": "Kickbike, skiro  Yedoo City electric . Velenje", 
    "type": "youtube-video"
  }, 
  "youtube-video-7X7LO1XMEN0": {
    "description": "Utrip iz velenjskega drsali\u0161\u010da (posnel in obdelal Milan Mari\u010d )", 
    "nr_comments": 0, 
    "tags": "", 
    "URL": "https://www.youtube.com/watch?v=7X7LO1XMEN0", 
    "nr_dislikes": 0, 
    "nr_likes": 0, 
    "user": {
      "nr_friends": 385, 
      "name": "clapa100", 
      "nr_videos": 127, 
      "created": "2009-05-13 08:41:50", 
      "URL": "https://www.youtube.com/channel/UC7Rlo4rYBivWqbYpRwTf8yg", 
      "country": "SI", 
      "id": "UC7Rlo4rYBivWqbYpRwTf8yg", 
      "description": ""
    }, 
    "keyword": "velenje", 
    "id": "7X7LO1XMEN0", 
    "nr_views": 43, 
    "sentiment": "neg", 
    "language": "sl", 
    "created": "2017-12-30 17:57:47", 
    "title": "Drsali\u0161\u010de Velenje", 
    "type": "youtube-video"
  }, 
  "youtube-video-tymPSQ4Nc0M": {
    "description": "Crazy fun with City electric.", 
    "nr_comments": 0, 
    "tags": "", 
    "URL": "https://www.youtube.com/watch?v=tymPSQ4Nc0M", 
    "nr_dislikes": 0, 
    "nr_likes": 0, 
    "user": {
      "nr_friends": 82, 
      "name": "MITJA KO\u017dELJ", 
      "nr_videos": 42, 
      "created": "2010-04-05 19:39:45", 
      "URL": "https://www.youtube.com/channel/UCKx9eTl4CSvWqBnAqagecSg", 
      "country": null, 
      "id": "UCKx9eTl4CSvWqBnAqagecSg", 
      "description": "My life, my way"
    }, 
    "keyword": "velenje", 
    "id": "tymPSQ4Nc0M", 
    "nr_views": 5, 
    "sentiment": "neg", 
    "language": "en", 
    "created": "2018-01-04 13:53:26", 
    "title": "Yedoo City electric. Fun in Velenje", 
    "type": "youtube-video"
  }, 
  "youtube-video-h0M-7JGCLJ8": {
    "description": "The Stroj collective performing live for their 20th anniversary. Bosch, one of their earliest compositions from 1997, was performed together with The Stroj's ex members who joined them on stage...", 
    "nr_comments": 0, 
    "tags": "the stroj, bosch, live, velenje, kunigunda festival, muzej premogovni\u0161tva velenje, performance, industrial music", 
    "URL": "https://www.youtube.com/watch?v=h0M-7JGCLJ8", 
    "nr_dislikes": 0, 
    "nr_likes": 2, 
    "user": {
      "nr_friends": 102, 
      "name": "TheStrojTV", 
      "nr_videos": 43, 
      "created": "2010-08-17 08:05:36", 
      "URL": "https://www.youtube.com/channel/UCcDOwtLYzWLUBTPtjJGcsbQ", 
      "country": null, 
      "id": "UCcDOwtLYzWLUBTPtjJGcsbQ", 
      "description": ""
    }, 
    "keyword": "velenje", 
    "id": "h0M-7JGCLJ8", 
    "nr_views": 128, 
    "sentiment": "pos", 
    "language": "en", 
    "created": "2017-12-30 20:37:06", 
    "title": "THE STROJ - BOSCH (Live in Velenje 2017)", 
    "type": "youtube-video"
  }, 
  "youtube-video-QhwC-lTbLMM": {
    "description": "Par izsekov iz zaklju\u010dka Volkswagen Rocks turneje z legendarnimi \u0160ank Rock. Tonska vaja in na koncu \u0161e nekaj iz nastopa :)", 
    "nr_comments": 0, 
    "tags": "@drums, @liveconcert, @concert, @drumcam, @drumming, @tama, @tamadrums, @prelude", 
    "URL": "https://www.youtube.com/watch?v=QhwC-lTbLMM", 
    "nr_dislikes": 0, 
    "nr_likes": 4, 
    "user": {
      "nr_friends": 181, 
      "name": "Prelude", 
      "nr_videos": 24, 
      "created": "2010-11-15 20:01:39", 
      "URL": "https://www.youtube.com/channel/UC59s0-DcOslB1ivzYUfyg-Q", 
      "country": null, 
      "id": "UC59s0-DcOslB1ivzYUfyg-Q", 
      "description": "Official PRELUDE channel!\n\nFB - http://www.facebook.com/pages/Prelude/306794409341675"
    }, 
    "keyword": "velenje", 
    "id": "QhwC-lTbLMM", 
    "nr_views": 150, 
    "sentiment": "pos", 
    "language": "sl", 
    "created": "2017-12-30 15:39:39", 
    "title": "Alja\u017e Tr\u010dek drum cam - Prelude, Velenje 2017 - Rde\u010da dvorana", 
    "type": "youtube-video"
  }, 
  "youtube-video-GG0qQNgb0ZA": {
    "description": "", 
    "nr_comments": 0, 
    "tags": "monsun, band, slepe mi\u0161i, rde\u010da dvorana, velenje, rock, \u0161kofja loka, slo", 
    "URL": "https://www.youtube.com/watch?v=GG0qQNgb0ZA", 
    "nr_dislikes": 1, 
    "nr_likes": 0, 
    "user": {
      "nr_friends": 12, 
      "name": "monsun band", 
      "nr_videos": 8, 
      "created": "2015-04-30 10:52:51", 
      "URL": "https://www.youtube.com/channel/UCR3jEyM097eTFhYKhdyF5Jw", 
      "country": null, 
      "id": "UCR3jEyM097eTFhYKhdyF5Jw", 
      "description": ""
    }, 
    "keyword": "velenje", 
    "id": "GG0qQNgb0ZA", 
    "nr_views": 5, 
    "sentiment": "", 
    "language": "", 
    "created": "2018-01-01 21:28:54", 
    "title": "Monsun - slepe mi\u0161i ( rde\u010da dvorana Velenje )", 
    "type": "youtube-video"
  }, 
  "youtube-video-nZX2obPEduU": {
    "description": "lake Velenje is the moast beautifull place to be in summer..if you have Yedoo City or Mezeq electric hahaha.", 
    "nr_comments": 0, 
    "tags": "", 
    "URL": "https://www.youtube.com/watch?v=nZX2obPEduU", 
    "nr_dislikes": 0, 
    "nr_likes": 0, 
    "user": {
      "nr_friends": 82, 
      "name": "MITJA KO\u017dELJ", 
      "nr_videos": 42, 
      "created": "2010-04-05 19:39:45", 
      "URL": "https://www.youtube.com/channel/UCKx9eTl4CSvWqBnAqagecSg", 
      "country": null, 
      "id": "UCKx9eTl4CSvWqBnAqagecSg", 
      "description": "My life, my way"
    }, 
    "keyword": "velenje", 
    "id": "nZX2obPEduU", 
    "nr_views": 5, 
    "sentiment": "pos", 
    "language": "en", 
    "created": "2018-01-03 21:14:10", 
    "title": "Lake Velenje", 
    "type": "youtube-video"
  }
}