{
  "googleplus-post-z123stewhruwsn1nz22mtd5gxpjicxzc2": {
    "nr_comments": 0, 
    "tags": "", 
    "URL": "https://plus.google.com/+HenriqueNassifHandball/posts/NFX8McJtVfL", 
    "text": "HC Vardar x RK Gorenje Velenje SEHA League 2017 FULL MATCH", 
    "nr_likes": 0, 
    "user": {
      "URL": "https://plus.google.com/105252439686183777579", 
      "id": "105252439686183777579", 
      "name": "Henrique Nassif Handball"
    }, 
    "keyword": "velenje", 
    "id": "z123stewhruwsn1nz22mtd5gxpjicxzc2", 
    "sentiment": "pos", 
    "language": "sl", 
    "created": "2017-12-18 12:01:32", 
    "title": "HC Vardar x RK Gorenje Velenje SEHA League 2017 FULL MATCH", 
    "type": "googleplus-post"
  }, 
  "googleplus-post-z13jwrfzjsrph3pgx04cehqqbzupefrheuc0k": {
    "nr_comments": 0, 
    "tags": "", 
    "URL": "https://plus.google.com/115681348870133675711/posts/TNb4sj16uaE", 
    "text": "", 
    "nr_likes": 0, 
    "user": {
      "URL": "https://plus.google.com/115681348870133675711", 
      "id": "115681348870133675711", 
      "name": "O\u0160 MPT Velenje"
    }, 
    "keyword": "velenje", 
    "id": "z13jwrfzjsrph3pgx04cehqqbzupefrheuc0k", 
    "sentiment": "", 
    "language": "", 
    "created": "2017-12-20 15:23:10", 
    "title": "", 
    "type": "googleplus-post"
  }, 
  "googleplus-post-z13yyh3ycxfvsfdso222irrycyfkvr0jk04": {
    "nr_comments": 2, 
    "tags": "", 
    "URL": "https://plus.google.com/106578238976731741917/posts/4Pz6aqQeuAk", 
    "text": "", 
    "nr_likes": 2, 
    "user": {
      "URL": "https://plus.google.com/106578238976731741917", 
      "id": "106578238976731741917", 
      "name": "Miroslav Bre\u0161ar"
    }, 
    "keyword": "velenje", 
    "id": "z13yyh3ycxfvsfdso222irrycyfkvr0jk04", 
    "sentiment": "", 
    "language": "", 
    "created": "2017-12-21 08:20:11", 
    "title": "", 
    "type": "googleplus-post"
  }, 
  "googleplus-post-z12ljvriezjghpcas04cffvymoathhcobyk0k": {
    "nr_comments": 0, 
    "tags": "nadstre, nadstre, polikarbonatne_plo, bioklimatska_pergola, aluminijasti_nadstre", 
    "URL": "https://plus.google.com/102137870960122046835/posts/8s3GsCWKima", 
    "text": "<a rel=\"nofollow\" class=\"ot-hashtag\" href=\"https://plus.google.com/s/%23nadstre%C5%A1ki\">#nadstre\u0161ki</a><br /><a rel=\"nofollow\" class=\"ot-hashtag\" href=\"https://plus.google.com/s/%23nadstre%C5%A1ek_za_avto\">#nadstre\u0161ek_za_avto</a><br /><a rel=\"nofollow\" class=\"ot-hashtag\" href=\"https://plus.google.com/s/%23polikarbonatne_plo%C5%A1%C4%8De\">#polikarbonatne_plo\u0161\u010de</a><br /><a rel=\"nofollow\" class=\"ot-hashtag\" href=\"https://plus.google.com/s/%23bioklimatska_pergola\">#bioklimatska_pergola</a><br /><a rel=\"nofollow\" class=\"ot-hashtag\" href=\"https://plus.google.com/s/%23aluminijasti_nadstre%C5%A1ki\">#aluminijasti_nadstre\u0161ki</a><br /><br /><a href=\"https://prizma-velenje.net/\" class=\"ot-anchor\">https://prizma-velenje.net/</a>", 
    "nr_likes": 0, 
    "user": {
      "URL": "https://plus.google.com/102910362294601893617", 
      "id": "102910362294601893617", 
      "name": "Federal"
    }, 
    "keyword": "velenje", 
    "id": "z12ljvriezjghpcas04cffvymoathhcobyk0k", 
    "sentiment": "neg", 
    "language": "en", 
    "created": "2017-12-17 08:03:12", 
    "title": "#nadstre\u0161ki\n#nadstre\u0161ek_za_avto\n#polikarbonatne_plo\u0161\u010de\n#bioklimatska_pergola\n#aluminijasti_nadstre\u0161ki...", 
    "type": "googleplus-post"
  }, 
  "googleplus-post-z12lx114pmubcvt0i23odjywlwa2i15eq": {
    "nr_comments": 0, 
    "tags": "", 
    "URL": "https://plus.google.com/111586422140135205391/posts/3UQTR3QT6Cr", 
    "text": "Naj si Va\u0161i najdra\u017eji izberejo nova korekcijska ali son\u010dna o\u010dala po lastni izbiri - podarite jim darilni bon Optike Irman, podarite dober vid!<br /><br />Za strokovno svetovanje in ve\u010d informacij smo Vam na voljo v na\u0161ih poslovalnicah:<br />\t<br />\u017dalec | Savinjska cesta 2 | 051 288 010<br />Velenje | Vodnikova ulica 1 | 051 288 019<br />Ljubljana | \u0160tihova ulica 9 | 051 288 014<br /><br /><a href=\"http://WWW.OPTIKAIRMAN.SI\" class=\"ot-anchor\">WWW.OPTIKAIRMAN.SI</a>", 
    "nr_likes": 0, 
    "user": {
      "URL": "https://plus.google.com/111586422140135205391", 
      "id": "111586422140135205391", 
      "name": "Optika Irman, d.o.o. PE Ljubljana - O\u010cESNI CENTER IRMAN"
    }, 
    "keyword": "velenje", 
    "id": "z12lx114pmubcvt0i23odjywlwa2i15eq", 
    "sentiment": "neg", 
    "language": "sl", 
    "created": "2017-12-18 12:35:49", 
    "title": "Naj si Va\u0161i najdra\u017eji izberejo nova korekcijska ali son\u010dna o\u010dala po lastni izbiri - podarite jim darilni...", 
    "type": "googleplus-post"
  }, 
  "googleplus-post-z12vuzlabln3sfye522ptlpyop3ngbzdl": {
    "nr_comments": 29, 
    "tags": "", 
    "URL": "https://plus.google.com/+SandiMirnik/posts/ChZWK91LYQn", 
    "text": "", 
    "nr_likes": 24, 
    "user": {
      "URL": "https://plus.google.com/118040087969149827274", 
      "id": "118040087969149827274", 
      "name": "Sandi Mirnik"
    }, 
    "keyword": "velenje", 
    "id": "z12vuzlabln3sfye522ptlpyop3ngbzdl", 
    "sentiment": "", 
    "language": "", 
    "created": "2017-12-17 18:17:30", 
    "title": "", 
    "type": "googleplus-post"
  }
}