{
  "tumblr-post-168752153610": {
    "sentiment": "", 
    "language": "fr", 
    "created": "2017-12-20 14:46:08", 
    "URL": "https://tmblr.co/Z716Yj2TAQOGA", 
    "text": "12-20 Nikita Khrouchtchev prononce un discours \u00e0 son arriv\u00e9e dans la ville mini\u00e8re, \u00e0 ses c\u00f4t\u00e9 Tito, \u00e0 Velenje, \u2026 http://dlvr.it/Q6sWD5", 
    "keyword": "velenje", 
    "tags": "velenje", 
    "type": "tumblr-post", 
    "id": "168752153610", 
    "user": {
      "description": "Travel Destination Slovenia", 
      "URL": "phylliswrightthings.tumblr.com", 
      "nr_posts": 62098, 
      "name": "phylliswrightthings", 
      "id": "phylliswrightthings", 
      "screen_name": "Slovenia"
    }
  }, 
  "tumblr-post-168746470845": {
    "sentiment": "", 
    "language": "fr", 
    "created": "2017-12-20 09:37:51", 
    "URL": "https://tmblr.co/Z716Yj2TA4isz", 
    "text": "12-20 Nikita Khrouchtchev prononce un discours \u00e0 son arriv\u00e9e dans la ville mini\u00e8re, \u00e0 ses c\u00f4t\u00e9 Tito, \u00e0 Velenje, \u2026 http://dlvr.it/Q6qQGX", 
    "keyword": "velenje", 
    "tags": "velenje", 
    "type": "tumblr-post", 
    "id": "168746470845", 
    "user": {
      "description": "Travel Destination Slovenia", 
      "URL": "phylliswrightthings.tumblr.com", 
      "nr_posts": 62098, 
      "name": "phylliswrightthings", 
      "id": "phylliswrightthings", 
      "screen_name": "Slovenia"
    }
  }, 
  "tumblr-post-168746760950": {
    "sentiment": "", 
    "language": "fr", 
    "created": "2017-12-20 09:55:06", 
    "URL": "https://tmblr.co/Z716Yj2TA5phs", 
    "text": "12-20 Nikita Khrouchtchev prononce un discours \u00e0 son arriv\u00e9e dans la ville mini\u00e8re, \u00e0 ses c\u00f4t\u00e9 Tito, \u00e0 Velenje, \u2026 http://dlvr.it/Q6qWN4", 
    "keyword": "velenje", 
    "tags": "velenje", 
    "type": "tumblr-post", 
    "id": "168746760950", 
    "user": {
      "description": "Travel Destination Slovenia", 
      "URL": "phylliswrightthings.tumblr.com", 
      "nr_posts": 62098, 
      "name": "phylliswrightthings", 
      "id": "phylliswrightthings", 
      "screen_name": "Slovenia"
    }
  }
}