{
  "twitter-post-942591388914536454": {
    "tags": "VC, Randfontein", 
    "URL": "https://twitter.com/Interior/status/942591388914536454", 
    "text": "Angela is Nasty. Tap Now to see if she is online!\n\u25b6\ufe0f https://t.co/qc1I3VPwHs &lt;\n#VC #Randfontein Casoria  Velenje Plimmerton", 
    "nr_retweets": 0, 
    "keyword": "velenje", 
    "id": "942591388914536454", 
    "sentiment": "neg", 
    "language": "en", 
    "created": "2017-12-18 03:04:34", 
    "coordinates": "", 
    "place": "", 
    "nr_favourites": 0, 
    "type": "twitter-post", 
    "user": {
      "description": "#Sex #Dating #App #Apps #ios #androind #windows", 
      "ULR": "http://www.twitter.com/Sexdateapp", 
      "nr_posts": 10857, 
      "nr_followers": 1438, 
      "id": "883295592088207360", 
      "screen_name": "Sexdateapp", 
      "nr_friends": 100, 
      "name": "Sex Dating Apps", 
      "language": "en", 
      "created": "2017-07-07 12:04:14", 
      "time_zone": "Pacific Time (US & Canada)", 
      "location": "United States"
    }
  }, 
  "twitter-post-942729079597469696": {
    "tags": "", 
    "URL": "https://twitter.com/Interior/status/942729079597469696", 
    "text": "RT @OrganiCity_eu: This experimenter is from Valenje, Slovenia...Portal Open Data Velenje experiment is a platform where every organisation\u2026", 
    "nr_retweets": 3, 
    "keyword": "velenje", 
    "id": "942729079597469696", 
    "sentiment": "neg", 
    "language": "en", 
    "created": "2017-12-18 12:11:42", 
    "coordinates": "", 
    "place": "", 
    "nr_favourites": 0, 
    "type": "twitter-post", 
    "user": {
      "description": "Midiendo la calidad de los datos de nuestras ciudades. Empezamos con #Santander\nMeasuring data quality in cities. Kicking off with #Santander\n#opendata", 
      "ULR": "http://www.twitter.com/TheUrbanmetre", 
      "nr_posts": 1953, 
      "nr_followers": 60, 
      "id": "889959973987516416", 
      "screen_name": "TheUrbanmetre", 
      "nr_friends": 44, 
      "name": "The Urbanmetre", 
      "language": "es", 
      "created": "2017-07-25 21:26:07", 
      "time_zone": "Pacific Time (US & Canada)", 
      "location": "Pamplona, Espa\u00f1a"
    }
  }, 
  "twitter-post-943118775574032387": {
    "tags": "", 
    "URL": "https://twitter.com/Interior/status/943118775574032387", 
    "text": "V Velenju bomo v leto 2018 vstopili s skupino VICTORY;) https://t.co/wIVYf6yHII", 
    "nr_retweets": 0, 
    "keyword": "velenje", 
    "id": "943118775574032387", 
    "sentiment": "neg", 
    "language": "sl", 
    "created": "2017-12-19 14:00:13", 
    "coordinates": "", 
    "place": "", 
    "nr_favourites": 0, 
    "type": "twitter-post", 
    "user": {
      "description": "Mestna ob\u010dina Velenje", 
      "ULR": "http://www.twitter.com/MO_Velenje", 
      "nr_posts": 3921, 
      "nr_followers": 307, 
      "id": "546889846", 
      "screen_name": "MO_Velenje", 
      "nr_friends": 185, 
      "name": "MO Velenje", 
      "language": "en", 
      "created": "2012-04-06 15:22:16", 
      "time_zone": "Ljubljana", 
      "location": "Velenje, Slovenia"
    }
  }, 
  "twitter-post-942816229219110912": {
    "tags": "", 
    "URL": "https://twitter.com/Interior/status/942816229219110912", 
    "text": "Naj si Va\u0161i najdra\u017eji izberejo nova korekcijska ali son\u010dna o\u010dala po lastni izbiri - podarite jim darilni bon Optike\u2026 https://t.co/1hvpFq2mHl", 
    "nr_retweets": 0, 
    "keyword": "velenje", 
    "id": "942816229219110912", 
    "sentiment": "pos", 
    "language": "sl", 
    "created": "2017-12-18 17:58:00", 
    "coordinates": "", 
    "place": "", 
    "nr_favourites": 0, 
    "type": "twitter-post", 
    "user": {
      "description": "", 
      "ULR": "http://www.twitter.com/OptikaIrman", 
      "nr_posts": 750, 
      "nr_followers": 10, 
      "id": "2327725423", 
      "screen_name": "OptikaIrman", 
      "nr_friends": 24, 
      "name": "Optika Irman", 
      "language": "en", 
      "created": "2014-02-04 21:27:53", 
      "gender": "female", 
      "time_zone": null, 
      "location": "\u017dalec | Velenje | Ljubljana"
    }
  }, 
  "twitter-post-943202301967249408": {
    "tags": "", 
    "URL": "https://twitter.com/Interior/status/943202301967249408", 
    "text": "@MiranStajerc Poglej na FB, Velenje druga\u010d :)", 
    "user": {
      "description": "Ex medical technician in Level 3 intensive therapy unit (ZT v EIT). A seeker of good in people.", 
      "ULR": "http://www.twitter.com/MiranStajerc", 
      "nr_posts": 42897, 
      "nr_followers": 1049, 
      "id": "718620034", 
      "screen_name": "MiranStajerc", 
      "nr_friends": 537, 
      "name": "Fletni \u0160tajerc", 
      "language": "en", 
      "created": "2013-10-17 05:17:46", 
      "time_zone": "Ljubljana", 
      "location": "\u0160tajerska, Slovenija"
    }, 
    "keyword": "velenje", 
    "id": "943202301967249408", 
    "sentiment": "pos", 
    "language": "sl", 
    "created": "2017-12-19 19:32:07", 
    "nr_favourites": 0, 
    "type": "twitter-post", 
    "nr_retweets": 0
  }, 
  "twitter-post-943126806634344449": {
    "tags": "", 
    "URL": "https://twitter.com/Interior/status/943126806634344449", 
    "text": "Akcija dokazala, da v Velenju res izgovore parkiramo drugam https://t.co/WMBJWP7FHT", 
    "nr_retweets": 0, 
    "keyword": "velenje", 
    "id": "943126806634344449", 
    "sentiment": "neg", 
    "language": "sl", 
    "created": "2017-12-19 14:32:07", 
    "coordinates": "", 
    "place": "", 
    "nr_favourites": 0, 
    "type": "twitter-post", 
    "user": {
      "description": "Mestna ob\u010dina Velenje", 
      "ULR": "http://www.twitter.com/MO_Velenje", 
      "nr_posts": 3921, 
      "nr_followers": 307, 
      "id": "546889846", 
      "screen_name": "MO_Velenje", 
      "nr_friends": 185, 
      "name": "MO Velenje", 
      "language": "en", 
      "created": "2012-04-06 15:22:16", 
      "time_zone": "Ljubljana", 
      "location": "Velenje, Slovenia"
    }
  }, 
  "twitter-post-942716847975223296": {
    "tags": "", 
    "URL": "https://twitter.com/Interior/status/942716847975223296", 
    "text": "This experimenter is from Valenje, Slovenia...Portal Open Data Velenje experiment is a platform where every organis\u2026 https://t.co/3Y18EYG40d", 
    "nr_retweets": 3, 
    "keyword": "velenje", 
    "id": "942716847975223296", 
    "sentiment": "neg", 
    "language": "en", 
    "created": "2017-12-18 11:23:06", 
    "coordinates": "", 
    "place": "", 
    "nr_favourites": 0, 
    "type": "twitter-post", 
    "user": {
      "description": "Service for experimentation: citizens, businesses and city authorities working together to create digital solutions to urban challenges.\n#OpenCall deadline 31/8", 
      "ULR": "http://www.twitter.com/OrganiCity_eu", 
      "nr_posts": 536, 
      "nr_followers": 1554, 
      "id": "2972047805", 
      "screen_name": "OrganiCity_eu", 
      "nr_friends": 522, 
      "name": "OrganiCity", 
      "language": "en", 
      "created": "2015-01-10 21:07:29", 
      "time_zone": "Copenhagen", 
      "location": "Aarhus / Santander / London"
    }
  }, 
  "twitter-post-942530120677343233": {
    "tags": "velenje", 
    "URL": "https://twitter.com/Interior/status/942530120677343233", 
    "text": "12-17 Nikita Khrouchtchev prononce un discours \u00e0 son arriv\u00e9e... https://t.co/hT98PTghto #velenje", 
    "nr_retweets": 0, 
    "keyword": "velenje", 
    "id": "942530120677343233", 
    "sentiment": "", 
    "language": "fr", 
    "created": "2017-12-17 23:01:06", 
    "coordinates": "", 
    "place": "", 
    "nr_favourites": 0, 
    "type": "twitter-post", 
    "user": {
      "description": "Jesus is my Savior, God is the reason i'm here. Family No.1", 
      "ULR": "http://www.twitter.com/eli23b", 
      "nr_posts": 1184054, 
      "nr_followers": 19315, 
      "id": "2411739817", 
      "screen_name": "eli23b", 
      "nr_friends": 21734, 
      "name": "eli3zaBeth", 
      "language": "en", 
      "created": "2014-03-26 00:09:36", 
      "time_zone": "Pacific Time (US & Canada)", 
      "location": "Wisconsin, USA"
    }
  }, 
  "twitter-post-942701370796261377": {
    "tags": "", 
    "URL": "https://twitter.com/Interior/status/942701370796261377", 
    "text": "Garsonjera, Velenje, Savinjska regija: Vrsta ponudbe: oddaja Povr\u0161ina: 24 m\u00b2 Letnik: 1999 Cena: 190,00 \u20ac rubrika: S\u2026 https://t.co/NtcD7aNClV", 
    "nr_retweets": 0, 
    "keyword": "velenje", 
    "id": "942701370796261377", 
    "sentiment": "pos", 
    "language": "sl", 
    "created": "2017-12-18 10:21:35", 
    "coordinates": "", 
    "place": "", 
    "nr_favourites": 0, 
    "type": "twitter-post", 
    "user": {
      "description": "oglasnik & spletna trgovina", 
      "ULR": "http://www.twitter.com/mojOGLAS", 
      "nr_posts": 27882, 
      "nr_followers": 78, 
      "id": "58047160", 
      "screen_name": "mojOGLAS", 
      "nr_friends": 10, 
      "name": "AdOmnia", 
      "language": "en", 
      "created": "2009-07-18 22:18:54", 
      "time_zone": "Ljubljana", 
      "location": "Slovenija"
    }
  }, 
  "twitter-post-942735531548569602": {
    "tags": "", 
    "URL": "https://twitter.com/Interior/status/942735531548569602", 
    "text": "Naj si Va\u0161i najdra\u017eji izberejo nova korekcijska ali son\u010dna o\u010dala po lastni izbiri - podarite jim darilni bon Optike\u2026 https://t.co/uV3yM65cUu", 
    "nr_retweets": 0, 
    "keyword": "velenje", 
    "id": "942735531548569602", 
    "sentiment": "pos", 
    "language": "sl", 
    "created": "2017-12-18 12:37:20", 
    "coordinates": "", 
    "place": "", 
    "nr_favourites": 0, 
    "type": "twitter-post", 
    "user": {
      "description": "", 
      "ULR": "http://www.twitter.com/OptikaIrman", 
      "nr_posts": 750, 
      "nr_followers": 10, 
      "id": "2327725423", 
      "screen_name": "OptikaIrman", 
      "nr_friends": 24, 
      "name": "Optika Irman", 
      "language": "en", 
      "created": "2014-02-04 21:27:53", 
      "gender": "female", 
      "time_zone": null, 
      "location": "\u017dalec | Velenje | Ljubljana"
    }
  }, 
  "twitter-post-942480101551366150": {
    "tags": "", 
    "URL": "https://twitter.com/Interior/status/942480101551366150", 
    "text": "Dinamo Pan\u010devo - Gorenje Velenje 27:29 https://t.co/1ypwtt2vb1", 
    "nr_retweets": 0, 
    "keyword": "velenje", 
    "id": "942480101551366150", 
    "sentiment": "neg", 
    "language": "sl", 
    "created": "2017-12-17 19:42:21", 
    "coordinates": "", 
    "place": "", 
    "nr_favourites": 0, 
    "type": "twitter-post", 
    "user": {
      "description": "Vse zadnje novice na enem mestu.", 
      "ULR": "http://www.twitter.com/ZNovice", 
      "nr_posts": 1182928, 
      "nr_followers": 1100, 
      "id": "551154223", 
      "screen_name": "ZNovice", 
      "nr_friends": 219, 
      "name": "ZadnjeNovice.info", 
      "language": "en", 
      "created": "2012-04-11 17:07:33", 
      "time_zone": "Ljubljana", 
      "location": "Slovenija"
    }
  }, 
  "twitter-post-943525517021581315": {
    "tags": "", 
    "URL": "https://twitter.com/Interior/status/943525517021581315", 
    "text": "Stavka v premogovniku Velenje je tik pred vrati  V Premogovniku Velenje so napetosti med sindikatom SDRES in upravo\u2026 https://t.co/DlAPe515vE", 
    "nr_retweets": 0, 
    "keyword": "velenje", 
    "id": "943525517021581315", 
    "sentiment": "neg", 
    "language": "sl", 
    "created": "2017-12-20 16:56:27", 
    "coordinates": "", 
    "place": "", 
    "nr_favourites": 0, 
    "type": "twitter-post", 
    "user": {
      "description": "Vse zadnje novice na enem mestu.", 
      "ULR": "http://www.twitter.com/ZNovice", 
      "nr_posts": 1182928, 
      "nr_followers": 1100, 
      "id": "551154223", 
      "screen_name": "ZNovice", 
      "nr_friends": 219, 
      "name": "ZadnjeNovice.info", 
      "language": "en", 
      "created": "2012-04-11 17:07:33", 
      "time_zone": "Ljubljana", 
      "location": "Slovenija"
    }
  }, 
  "twitter-post-943038939610472449": {
    "tags": "", 
    "URL": "https://twitter.com/Interior/status/943038939610472449", 
    "text": "BORCI  NOB VELENJE NA ODKLONILNO STALI\u0160\u010cE SVETNIKA MS MOV VELENJE  ANOTNA DE COSTE, GLEDE OBNOVE TITOVEGA... https://t.co/5ymVkMTeUB", 
    "nr_retweets": 0, 
    "keyword": "velenje", 
    "id": "943038939610472449", 
    "sentiment": "neg", 
    "language": "en", 
    "created": "2017-12-19 08:42:58", 
    "coordinates": "", 
    "place": "", 
    "nr_favourites": 0, 
    "type": "twitter-post", 
    "user": {
      "description": "", 
      "ULR": "http://www.twitter.com/ZZajc", 
      "nr_posts": 2189, 
      "nr_followers": 49, 
      "id": "453261081", 
      "screen_name": "ZZajc", 
      "nr_friends": 166, 
      "name": "Zdenko Zajc", 
      "language": "en", 
      "created": "2012-01-02 19:00:59", 
      "time_zone": "Ljubljana", 
      "location": "Velenje"
    }
  }, 
  "twitter-post-942778901679497216": {
    "tags": "SEHALeague", 
    "URL": "https://twitter.com/Interior/status/942778901679497216", 
    "text": "[#SEHALeague] | Le Vardar continue son bonhomme de chemin et s'impose en Slov\u00e9nie du c\u00f4t\u00e9 de Gorenje Velenje (30-24\u2026 https://t.co/acM0SsJCg5", 
    "nr_retweets": 0, 
    "keyword": "velenje", 
    "id": "942778901679497216", 
    "sentiment": "", 
    "language": "fr", 
    "created": "2017-12-18 15:29:40", 
    "coordinates": "", 
    "place": "", 
    "nr_favourites": 0, 
    "type": "twitter-post", 
    "user": {
      "description": "HAND DAY Passionn\u00e9ment Handball. Pour les passionn\u00e9s, suivez toute l'actualit\u00e9 de votre sport favori.", 
      "ULR": "http://www.twitter.com/rtsHandDay", 
      "nr_posts": 20094, 
      "nr_followers": 3766, 
      "id": "453161158", 
      "screen_name": "rtsHandDay", 
      "nr_friends": 3222, 
      "name": "HAND DAY", 
      "language": "fr", 
      "created": "2012-01-02 17:01:00", 
      "time_zone": "Paris", 
      "location": "Partout"
    }
  }, 
  "twitter-post-943104469990027264": {
    "tags": "", 
    "URL": "https://twitter.com/Interior/status/943104469990027264", 
    "text": "Verdenik: S Kav\u010di\u010dem sva si ogledovala Bayer iz Leverkusna. Jane\u017ei\u010d: Senidah igra za \u0160kale Velenje? Sprejem @nzs https://t.co/fb8psDb58Y", 
    "nr_retweets": 1, 
    "keyword": "velenje", 
    "id": "943104469990027264", 
    "sentiment": "neg", 
    "language": "sl", 
    "created": "2017-12-19 13:03:22", 
    "coordinates": "", 
    "place": "", 
    "nr_favourites": 0, 
    "type": "twitter-post", 
    "user": {
      "description": "journalist & desk editor & ex chief editor at Ve\u010der/ ex news host & reporter at TV Slovenija. Member of UEFA's Media Committee. Soccer player. Views are my own.", 
      "ULR": "http://www.twitter.com/TomazRanc", 
      "nr_posts": 2562, 
      "nr_followers": 3162, 
      "id": "360730411", 
      "screen_name": "TomazRanc", 
      "nr_friends": 689, 
      "name": "Toma\u017e Ranc", 
      "language": "en", 
      "created": "2011-08-23 17:36:26", 
      "time_zone": "Greenland", 
      "location": "Slovenija"
    }
  }, 
  "twitter-post-942439987647336449": {
    "tags": "", 
    "URL": "https://twitter.com/Interior/status/942439987647336449", 
    "text": "\u010cas za rokomet, na sceni pa na\u0161i podprvaki RK Gorenje Velenje. Vabljeni na \u01602. https://t.co/woVYz8ytHw", 
    "nr_retweets": 0, 
    "keyword": "velenje", 
    "id": "942439987647336449", 
    "sentiment": "neg", 
    "language": "sl", 
    "created": "2017-12-17 17:02:57", 
    "coordinates": "", 
    "place": "", 
    "nr_favourites": 0, 
    "type": "twitter-post", 
    "user": {
      "description": "Prva slovenska \u0161portna televizija", 
      "ULR": "http://www.twitter.com/SportTVvitter", 
      "nr_posts": 12398, 
      "nr_followers": 6289, 
      "id": "59731507", 
      "screen_name": "SportTVvitter", 
      "nr_friends": 200, 
      "name": "\u0160port TV Slovenija", 
      "language": "en", 
      "created": "2009-07-24 08:53:15", 
      "time_zone": "Ljubljana", 
      "location": "Slovenija"
    }
  }, 
  "twitter-post-942488299909853184": {
    "tags": "", 
    "URL": "https://twitter.com/Interior/status/942488299909853184", 
    "text": "Ob 19.57 v naselju \u0160alek v Velenju v ve\u010dstanovanjskem objektu pri\u0161lo do okvare dvigala, v katerem je bila ujeta ose\u2026 https://t.co/V7DhYtR7CP", 
    "nr_retweets": 0, 
    "keyword": "velenje", 
    "id": "942488299909853184", 
    "sentiment": "neg", 
    "language": "sl", 
    "created": "2017-12-17 20:14:55", 
    "coordinates": "", 
    "place": "", 
    "nr_favourites": 0, 
    "type": "twitter-post", 
    "user": {
      "description": "Neuradni ra\u010dun obvestil,ki jih posreduje Uprava RS za za\u0161\u010dito in re\u0161evanje preko RSS.\nIkona: Lorc (http://t.co/9R6sW5AQUy). Za vas ustvaril @MihaMarkic.", 
      "ULR": "http://www.twitter.com/SPINObvestila", 
      "nr_posts": 37043, 
      "nr_followers": 236, 
      "id": "2164668882", 
      "screen_name": "SPINObvestila", 
      "nr_friends": 0, 
      "name": "SPINObvestila", 
      "language": "en", 
      "created": "2013-10-30 12:16:11", 
      "time_zone": null, 
      "location": ""
    }
  }, 
  "twitter-post-943127331362738176": {
    "tags": "", 
    "URL": "https://twitter.com/Interior/status/943127331362738176", 
    "text": "\u017dupan, pod\u017eupan in dedek Mraz bodo v sredo razveseljevali s svojim obiskom https://t.co/hQDRlaUSqW", 
    "nr_retweets": 0, 
    "keyword": "velenje", 
    "id": "943127331362738176", 
    "sentiment": "neg", 
    "language": "sl", 
    "created": "2017-12-19 14:34:12", 
    "coordinates": "", 
    "place": "", 
    "nr_favourites": 0, 
    "type": "twitter-post", 
    "user": {
      "description": "Mestna ob\u010dina Velenje", 
      "ULR": "http://www.twitter.com/MO_Velenje", 
      "nr_posts": 3921, 
      "nr_followers": 307, 
      "id": "546889846", 
      "screen_name": "MO_Velenje", 
      "nr_friends": 185, 
      "name": "MO Velenje", 
      "language": "en", 
      "created": "2012-04-06 15:22:16", 
      "time_zone": "Ljubljana", 
      "location": "Velenje, Slovenia"
    }
  }, 
  "twitter-post-943126896287600640": {
    "tags": "", 
    "URL": "https://twitter.com/Interior/status/943126896287600640", 
    "text": "V Velenju imamo ustrezno kakovost zunanjega zraka https://t.co/w88bRzMkJp", 
    "nr_retweets": 0, 
    "keyword": "velenje", 
    "id": "943126896287600640", 
    "sentiment": "neg", 
    "language": "sl", 
    "created": "2017-12-19 14:32:29", 
    "coordinates": "", 
    "place": "", 
    "nr_favourites": 0, 
    "type": "twitter-post", 
    "user": {
      "description": "Mestna ob\u010dina Velenje", 
      "ULR": "http://www.twitter.com/MO_Velenje", 
      "nr_posts": 3921, 
      "nr_followers": 307, 
      "id": "546889846", 
      "screen_name": "MO_Velenje", 
      "nr_friends": 185, 
      "name": "MO Velenje", 
      "language": "en", 
      "created": "2012-04-06 15:22:16", 
      "time_zone": "Ljubljana", 
      "location": "Velenje, Slovenia"
    }
  }, 
  "twitter-post-942727908858187776": {
    "tags": "", 
    "URL": "https://twitter.com/Interior/status/942727908858187776", 
    "text": "This experimenter is from Valenje, Slovenia...Portal Taylor Swift Velenje experiment is a platform where every organis\u2026", 
    "nr_retweets": 0, 
    "keyword": "velenje", 
    "id": "942727908858187776", 
    "sentiment": "pos", 
    "language": "en", 
    "created": "2017-12-18 12:07:03", 
    "coordinates": "", 
    "place": "", 
    "nr_favourites": 0, 
    "type": "twitter-post", 
    "user": {
      "description": "s/open data/Taylor Swift/g", 
      "ULR": "http://www.twitter.com/t_s_institute", 
      "nr_posts": 40054, 
      "nr_followers": 1205, 
      "id": "3407124952", 
      "screen_name": "t_s_institute", 
      "nr_friends": 1, 
      "name": "OpenDataTaylorSwift", 
      "language": "en", 
      "created": "2015-08-07 11:05:54", 
      "time_zone": null, 
      "location": ""
    }
  }, 
  "twitter-post-942805035431419904": {
    "tags": "Velenje", 
    "URL": "https://twitter.com/Interior/status/942805035431419904", 
    "text": "Podatki o onesna\u017eenosti zraka.\n#Velenje https://t.co/9wy7DdGoLY", 
    "nr_retweets": 0, 
    "keyword": "velenje", 
    "id": "942805035431419904", 
    "sentiment": "neg", 
    "language": "sl", 
    "created": "2017-12-18 17:13:31", 
    "coordinates": "", 
    "place": "", 
    "nr_favourites": 0, 
    "type": "twitter-post", 
    "user": {
      "description": "Mestna ob\u010dina Velenje", 
      "ULR": "http://www.twitter.com/MO_Velenje", 
      "nr_posts": 3921, 
      "nr_followers": 307, 
      "id": "546889846", 
      "screen_name": "MO_Velenje", 
      "nr_friends": 185, 
      "name": "MO Velenje", 
      "language": "en", 
      "created": "2012-04-06 15:22:16", 
      "time_zone": "Ljubljana", 
      "location": "Velenje, Slovenia"
    }
  }, 
  "twitter-post-943602852462768130": {
    "tags": "", 
    "URL": "https://twitter.com/Interior/status/943602852462768130", 
    "text": "@GorsekLuka How do you feel now when you're the biggest slovenian internet meme since arsonist of Velenje and \"pupp\u2026 https://t.co/BgufOF2bcj", 
    "nr_retweets": 0, 
    "keyword": "velenje", 
    "id": "943602852462768130", 
    "sentiment": "neg", 
    "language": "en", 
    "created": "2017-12-20 22:03:45", 
    "coordinates": "", 
    "place": "", 
    "nr_favourites": 0, 
    "type": "twitter-post", 
    "user": {
      "description": "", 
      "ULR": "http://www.twitter.com/AlesKristan", 
      "nr_posts": 9344, 
      "nr_followers": 366, 
      "id": "54327563", 
      "screen_name": "AlesKristan", 
      "nr_friends": 581, 
      "name": "Sebastos", 
      "language": "en", 
      "created": "2009-07-06 20:47:24", 
      "time_zone": "Ljubljana", 
      "location": ""
    }
  }, 
  "twitter-post-943708278835634181": {
    "tags": "", 
    "URL": "https://twitter.com/Interior/status/943708278835634181", 
    "text": "Zrinski Ale\u0161 / Vidmar Rok SVN/SVN in BMW M3 on rally Velenje 2017 https://t.co/zwEoXjWgpE", 
    "nr_retweets": 0, 
    "keyword": "velenje", 
    "id": "943708278835634181", 
    "sentiment": "neg", 
    "language": "sl", 
    "created": "2017-12-21 05:02:41", 
    "coordinates": "", 
    "place": "", 
    "nr_favourites": 0, 
    "type": "twitter-post", 
    "user": {
      "description": "Film maker", 
      "ULR": "http://www.twitter.com/CondyMotorsport", 
      "nr_posts": 55, 
      "nr_followers": 6, 
      "id": "931096960886599685", 
      "screen_name": "CondyMotorsport", 
      "nr_friends": 178, 
      "name": "Condy", 
      "language": "en-gb", 
      "created": "2017-11-16 09:49:49", 
      "time_zone": "Ljubljana", 
      "location": "Slovenija"
    }
  }, 
  "twitter-post-943564461121720325": {
    "tags": "", 
    "URL": "https://twitter.com/Interior/status/943564461121720325", 
    "text": "Muller Horst - Lars / Enderle Jan GER/GER in Renault Clio 3 RS on rally Velenje 2017 https://t.co/89LSk1uaz1", 
    "nr_retweets": 0, 
    "keyword": "velenje", 
    "id": "943564461121720325", 
    "sentiment": "", 
    "language": "", 
    "created": "2017-12-20 19:31:12", 
    "coordinates": "", 
    "place": "", 
    "nr_favourites": 0, 
    "type": "twitter-post", 
    "user": {
      "description": "Film maker", 
      "ULR": "http://www.twitter.com/CondyMotorsport", 
      "nr_posts": 55, 
      "nr_followers": 6, 
      "id": "931096960886599685", 
      "screen_name": "CondyMotorsport", 
      "nr_friends": 178, 
      "name": "Condy", 
      "language": "en-gb", 
      "created": "2017-11-16 09:49:49", 
      "time_zone": "Ljubljana", 
      "location": "Slovenija"
    }
  }, 
  "twitter-post-943423231377203200": {
    "tags": "", 
    "URL": "https://twitter.com/Interior/status/943423231377203200", 
    "text": "Lu\u010d miru zasvetila tudi v Premogovniku Velenje. Ve\u010d na https://t.co/XfdeM1fdUU. https://t.co/HkxhJUhlNV", 
    "nr_retweets": 0, 
    "keyword": "velenje", 
    "id": "943423231377203200", 
    "sentiment": "neg", 
    "language": "sl", 
    "created": "2017-12-20 10:10:00", 
    "coordinates": "", 
    "place": "", 
    "nr_favourites": 0, 
    "type": "twitter-post", 
    "user": {
      "description": "", 
      "ULR": "http://www.twitter.com/PremogovnikVE", 
      "nr_posts": 1162, 
      "nr_followers": 192, 
      "id": "454640905", 
      "screen_name": "PremogovnikVE", 
      "nr_friends": 152, 
      "name": "Premogovnik Velenje", 
      "language": "en", 
      "created": "2012-01-04 06:37:34", 
      "time_zone": "Ljubljana", 
      "location": "Velenje"
    }
  }, 
  "twitter-post-943127284759891970": {
    "tags": "", 
    "URL": "https://twitter.com/Interior/status/943127284759891970", 
    "text": "Z dra\u017ebo izdelkov obele\u017eujemo 5-letnico delovanja CPU https://t.co/qPvbVE3vL5 https://t.co/lQiBOvwx8O", 
    "nr_retweets": 0, 
    "keyword": "velenje", 
    "id": "943127284759891970", 
    "sentiment": "neg", 
    "language": "sl", 
    "created": "2017-12-19 14:34:01", 
    "coordinates": "", 
    "place": "", 
    "nr_favourites": 0, 
    "type": "twitter-post", 
    "user": {
      "description": "Mestna ob\u010dina Velenje", 
      "ULR": "http://www.twitter.com/MO_Velenje", 
      "nr_posts": 3921, 
      "nr_followers": 307, 
      "id": "546889846", 
      "screen_name": "MO_Velenje", 
      "nr_friends": 185, 
      "name": "MO Velenje", 
      "language": "en", 
      "created": "2012-04-06 15:22:16", 
      "time_zone": "Ljubljana", 
      "location": "Velenje, Slovenia"
    }
  }, 
  "twitter-post-943029977112604673": {
    "tags": "", 
    "URL": "https://twitter.com/Interior/status/943029977112604673", 
    "text": "V Centru ponovne uporabe Velenje dra\u017eba petih izdelkov https://t.co/86sDw5OLC5", 
    "nr_retweets": 0, 
    "keyword": "velenje", 
    "id": "943029977112604673", 
    "sentiment": "neg", 
    "language": "sl", 
    "created": "2017-12-19 08:07:21", 
    "coordinates": "", 
    "place": "", 
    "nr_favourites": 0, 
    "type": "twitter-post", 
    "user": {
      "description": "Slovenska tiskovna agencija\r\nSlovenian Press Agency", 
      "ULR": "http://www.twitter.com/STA_novice", 
      "nr_posts": 89128, 
      "nr_followers": 16471, 
      "id": "267675462", 
      "screen_name": "STA_novice", 
      "nr_friends": 230, 
      "name": "STA novice", 
      "language": "en", 
      "created": "2011-03-17 10:25:29", 
      "time_zone": "Ljubljana", 
      "location": "Ljubljana"
    }
  }, 
  "twitter-post-942898646324072449": {
    "tags": "", 
    "URL": "https://twitter.com/Interior/status/942898646324072449", 
    "text": "Dinamo (Srb) - Gorenje Velenje (Slo) 27:29  \n\nM\u00e1s informaci\u00f3n: https://t.co/3ebSsi5GPd", 
    "nr_retweets": 0, 
    "keyword": "velenje", 
    "id": "942898646324072449", 
    "sentiment": "neg", 
    "language": "sl", 
    "created": "2017-12-18 23:25:30", 
    "coordinates": "", 
    "place": "", 
    "nr_favourites": 0, 
    "type": "twitter-post", 
    "user": {
      "description": "amo a mi familia ,amo a river plate con todo mi coraz\u00f3n,opino de todo #diainternacionaldelbosterocagon", 
      "ULR": "http://www.twitter.com/CRITIANNAN", 
      "nr_posts": 189427, 
      "nr_followers": 410, 
      "id": "2383880449", 
      "screen_name": "CRITIANNAN", 
      "nr_friends": 2104, 
      "name": "CRISTIAN NAN", 
      "language": "es", 
      "created": "2014-03-11 15:20:37", 
      "time_zone": null, 
      "location": ""
    }
  }, 
  "twitter-post-943116107292037125": {
    "tags": "", 
    "URL": "https://twitter.com/Interior/status/943116107292037125", 
    "text": "RT @TomazRanc: Verdenik: S Kav\u010di\u010dem sva si ogledovala Bayer iz Leverkusna. Jane\u017ei\u010d: Senidah igra za \u0160kale Velenje? Sprejem @nzs https://t.c\u2026", 
    "nr_retweets": 1, 
    "keyword": "velenje", 
    "id": "943116107292037125", 
    "sentiment": "neg", 
    "language": "sl", 
    "created": "2017-12-19 13:49:36", 
    "coordinates": "", 
    "place": "", 
    "nr_favourites": 0, 
    "type": "twitter-post", 
    "user": {
      "description": "Odgovorni urednik Ve\u010dera, novinar. Kolumnist Studia City. \u010clan upravnega odbora DNS", 
      "ULR": "http://www.twitter.com/MatijaStepisnik", 
      "nr_posts": 19965, 
      "nr_followers": 7964, 
      "id": "96960206", 
      "screen_name": "MatijaStepisnik", 
      "nr_friends": 1491, 
      "name": "Matija Stepi\u0161nik", 
      "language": "en", 
      "created": "2009-12-15 11:05:30", 
      "time_zone": "Ljubljana", 
      "location": "Ljubljana / Maribor"
    }
  }, 
  "twitter-post-943357953905713153": {
    "tags": "", 
    "URL": "https://twitter.com/Interior/status/943357953905713153", 
    "text": "Klju\u010dni razlog za mogo\u010do stavko v Premogovniku Velenje je na\u010drt dela za leto 2018, ki naj bi bil v nasprotju z zako\u2026 https://t.co/gPEF67DZNb", 
    "nr_retweets": 0, 
    "keyword": "velenje", 
    "id": "943357953905713153", 
    "sentiment": "neg", 
    "language": "sl", 
    "created": "2017-12-20 05:50:37", 
    "coordinates": "", 
    "place": "", 
    "nr_favourites": 0, 
    "type": "twitter-post", 
    "user": {
      "description": "Z vami tvitamo novinarji https://t.co/aGLkb24tyX.", 
      "ULR": "http://www.twitter.com/SiolNEWS", 
      "nr_posts": 53418, 
      "nr_followers": 14734, 
      "id": "171001540", 
      "screen_name": "SiolNEWS", 
      "nr_friends": 548, 
      "name": "SiolNET Novice", 
      "language": "en", 
      "created": "2010-07-26 09:22:51", 
      "time_zone": "Ljubljana", 
      "location": "Slovenia"
    }
  }, 
  "twitter-post-942662681554833408": {
    "tags": "", 
    "URL": "https://twitter.com/Interior/status/942662681554833408", 
    "text": "Kainz Martin / Steininger Marcus DE/DE in Mitsubishi Lancer EVO IX on rally Velenje 2017 https://t.co/UraZjChxdK", 
    "nr_retweets": 0, 
    "keyword": "velenje", 
    "id": "942662681554833408", 
    "sentiment": "", 
    "language": "de", 
    "created": "2017-12-18 07:47:51", 
    "coordinates": "", 
    "place": "", 
    "nr_favourites": 0, 
    "type": "twitter-post", 
    "user": {
      "description": "Film maker", 
      "ULR": "http://www.twitter.com/CondyMotorsport", 
      "nr_posts": 55, 
      "nr_followers": 6, 
      "id": "931096960886599685", 
      "screen_name": "CondyMotorsport", 
      "nr_friends": 178, 
      "name": "Condy", 
      "language": "en-gb", 
      "created": "2017-11-16 09:49:49", 
      "time_zone": "Ljubljana", 
      "location": "Slovenija"
    }
  }, 
  "twitter-post-943103119688437762": {
    "tags": "", 
    "URL": "https://twitter.com/Interior/status/943103119688437762", 
    "text": "Naj si Va\u0161i najdra\u017eji izberejo nova korekcijska ali son\u010dna o\u010dala po lastni izbiri - podarite jim darilni bon Optike\u2026 https://t.co/OdSccFQnqc", 
    "nr_retweets": 0, 
    "keyword": "velenje", 
    "id": "943103119688437762", 
    "sentiment": "pos", 
    "language": "sl", 
    "created": "2017-12-19 12:58:00", 
    "coordinates": "", 
    "place": "", 
    "nr_favourites": 0, 
    "type": "twitter-post", 
    "user": {
      "description": "", 
      "ULR": "http://www.twitter.com/OptikaIrman", 
      "nr_posts": 750, 
      "nr_followers": 10, 
      "id": "2327725423", 
      "screen_name": "OptikaIrman", 
      "nr_friends": 24, 
      "name": "Optika Irman", 
      "language": "en", 
      "created": "2014-02-04 21:27:53", 
      "gender": "female", 
      "time_zone": null, 
      "location": "\u017dalec | Velenje | Ljubljana"
    }
  }, 
  "twitter-post-942796555203022848": {
    "tags": "", 
    "URL": "https://twitter.com/Interior/status/942796555203022848", 
    "text": "Ob 15.44 so na \u0160ale\u0161ki cesti v Velenju gasilci PGD Velenje s tehni\u010dnim posegom odprli vrata v stanovanje v katerem\u2026 https://t.co/URJEHgRhdq", 
    "nr_retweets": 0, 
    "keyword": "velenje", 
    "id": "942796555203022848", 
    "sentiment": "neg", 
    "language": "sl", 
    "created": "2017-12-18 16:39:49", 
    "coordinates": "", 
    "place": "", 
    "nr_favourites": 0, 
    "type": "twitter-post", 
    "user": {
      "description": "Neuradni ra\u010dun obvestil,ki jih posreduje Uprava RS za za\u0161\u010dito in re\u0161evanje preko RSS.\nIkona: Lorc (http://t.co/9R6sW5AQUy). Za vas ustvaril @MihaMarkic.", 
      "ULR": "http://www.twitter.com/SPINObvestila", 
      "nr_posts": 37043, 
      "nr_followers": 236, 
      "id": "2164668882", 
      "screen_name": "SPINObvestila", 
      "nr_friends": 0, 
      "name": "SPINObvestila", 
      "language": "en", 
      "created": "2013-10-30 12:16:11", 
      "time_zone": null, 
      "location": ""
    }
  }, 
  "twitter-post-943456825512464384": {
    "tags": "", 
    "URL": "https://twitter.com/Interior/status/943456825512464384", 
    "text": "Pod\u017eupan @PDermol in dedek Mraz sta danes na obisku v VDC SA\u0160A, Domu za varstvo odraslih Velenje, Javni kuhinji, Ce\u2026 https://t.co/Rm3KQY33f0", 
    "nr_retweets": 0, 
    "keyword": "velenje", 
    "id": "943456825512464384", 
    "sentiment": "neg", 
    "language": "sl", 
    "created": "2017-12-20 12:23:30", 
    "coordinates": "", 
    "place": "", 
    "nr_favourites": 0, 
    "type": "twitter-post", 
    "user": {
      "description": "Mestna ob\u010dina Velenje", 
      "ULR": "http://www.twitter.com/MO_Velenje", 
      "nr_posts": 3921, 
      "nr_followers": 307, 
      "id": "546889846", 
      "screen_name": "MO_Velenje", 
      "nr_friends": 185, 
      "name": "MO Velenje", 
      "language": "en", 
      "created": "2012-04-06 15:22:16", 
      "time_zone": "Ljubljana", 
      "location": "Velenje, Slovenia"
    }
  }, 
  "twitter-post-943127016534106112": {
    "tags": "", 
    "URL": "https://twitter.com/Interior/status/943127016534106112", 
    "text": "V \u010detrtek proslava ob dnevu samostojnosti in enotnosti https://t.co/3fNUixaUF2 https://t.co/NKHygX8LMq", 
    "nr_retweets": 0, 
    "keyword": "velenje", 
    "id": "943127016534106112", 
    "sentiment": "pos", 
    "language": "sl", 
    "created": "2017-12-19 14:32:57", 
    "coordinates": "", 
    "place": "", 
    "nr_favourites": 0, 
    "type": "twitter-post", 
    "user": {
      "description": "Mestna ob\u010dina Velenje", 
      "ULR": "http://www.twitter.com/MO_Velenje", 
      "nr_posts": 3921, 
      "nr_followers": 307, 
      "id": "546889846", 
      "screen_name": "MO_Velenje", 
      "nr_friends": 185, 
      "name": "MO Velenje", 
      "language": "en", 
      "created": "2012-04-06 15:22:16", 
      "time_zone": "Ljubljana", 
      "location": "Velenje, Slovenia"
    }
  }, 
  "twitter-post-943564730505007104": {
    "tags": "", 
    "URL": "https://twitter.com/Interior/status/943564730505007104", 
    "text": "@psittarch @RFilipovic Tetka od moje mame je jednom rekla: Titovo U\u017eice, Titovo Velenje, Titov Veles, Titova Koreni\u2026 https://t.co/ZqKMS9QGSj", 
    "user": {
      "description": "", 
      "ULR": "http://www.twitter.com/psittarch", 
      "nr_posts": 10667, 
      "nr_followers": 223, 
      "id": "712993922927165441", 
      "screen_name": "psittarch", 
      "nr_friends": 118, 
      "name": "Bo\u017eidar Milinkovi\u0107", 
      "language": "sr", 
      "created": "2016-03-24 13:26:12", 
      "time_zone": null, 
      "location": ""
    }, 
    "keyword": "velenje", 
    "id": "943564730505007104", 
    "sentiment": "", 
    "language": "hr", 
    "created": "2017-12-20 19:32:16", 
    "nr_favourites": 0, 
    "type": "twitter-post", 
    "nr_retweets": 0
  }, 
  "twitter-post-943122336810758146": {
    "tags": "", 
    "URL": "https://twitter.com/Interior/status/943122336810758146", 
    "text": "Po zapisih v nekaterih medijih sporo\u010damo, da se klubsko vodstvo z Matja\u017eem Brumnom v teh dneh dogovarja mo\u017enostih o\u2026 https://t.co/5NBzl5eB8N", 
    "nr_retweets": 1, 
    "keyword": "velenje", 
    "id": "943122336810758146", 
    "sentiment": "neg", 
    "language": "sl", 
    "created": "2017-12-19 14:14:22", 
    "coordinates": "", 
    "place": "", 
    "nr_favourites": 0, 
    "type": "twitter-post", 
    "user": {
      "description": "Official Twitter account of Handball Club Gorenje Velenje from Slovenia.", 
      "ULR": "http://www.twitter.com/GorenjeVelenje", 
      "nr_posts": 4713, 
      "nr_followers": 1502, 
      "id": "314116395", 
      "screen_name": "GorenjeVelenje", 
      "nr_friends": 87, 
      "name": "RK Gorenje Velenje", 
      "language": "en", 
      "created": "2011-06-09 18:53:08", 
      "time_zone": "Ljubljana", 
      "location": "Velenje / Slovenija"
    }
  }, 
  "twitter-post-943416534067793921": {
    "tags": "Brade", 
    "URL": "https://twitter.com/Interior/status/943416534067793921", 
    "text": "#Brade, vrhunsko \ud83d\ude02. @GasperBergant je pa special, vsa \u010dast. Alahu akhbar in Velenje \ud83d\ude02. Priporo\u010dam!", 
    "nr_retweets": 0, 
    "keyword": "velenje", 
    "id": "943416534067793921", 
    "sentiment": "pos", 
    "language": "sl", 
    "created": "2017-12-20 09:43:24", 
    "coordinates": "", 
    "place": "", 
    "nr_favourites": 0, 
    "type": "twitter-post", 
    "user": {
      "description": "Master of Pharmacy. Chemistry freak, enthusiastically devoted to German cars and Liverpool FC supporter. Odd combination? I'm not so sure.", 
      "ULR": "http://www.twitter.com/7flyer7", 
      "nr_posts": 4771, 
      "nr_followers": 79, 
      "id": "766411404", 
      "screen_name": "7flyer7", 
      "nr_friends": 124, 
      "name": "Flyer", 
      "language": "en", 
      "created": "2012-08-18 21:30:29", 
      "time_zone": "Ljubljana", 
      "location": "Slovenia"
    }
  }, 
  "twitter-post-942775284473974785": {
    "tags": "", 
    "URL": "https://twitter.com/Interior/status/942775284473974785", 
    "text": "RT @OrganiCity_eu: This experimenter is from Valenje, Slovenia...Portal Open Data Velenje experiment is a platform where every organisation\u2026", 
    "nr_retweets": 3, 
    "keyword": "velenje", 
    "id": "942775284473974785", 
    "sentiment": "neg", 
    "language": "en", 
    "created": "2017-12-18 15:15:18", 
    "coordinates": "", 
    "place": "", 
    "nr_favourites": 0, 
    "type": "twitter-post", 
    "user": {
      "description": "The Next Generation Internet Experimentation - NGI EXP - consists of:\n1) Experimentally-driven advanced research; and\n2) Large-scale experimental facilities.", 
      "ULR": "http://www.twitter.com/NGI_EXP", 
      "nr_posts": 5305, 
      "nr_followers": 1437, 
      "id": "800164087", 
      "screen_name": "NGI_EXP", 
      "nr_friends": 277, 
      "name": "NGI-EXP", 
      "language": "en", 
      "created": "2012-09-03 10:55:30", 
      "time_zone": "Brussels", 
      "location": ""
    }
  }, 
  "twitter-post-943419734044819456": {
    "tags": "velenje", 
    "URL": "https://twitter.com/Interior/status/943419734044819456", 
    "text": "12-20 Nikita Khrouchtchev prononce un discours \u00e0 son arriv\u00e9e... https://t.co/cvMn8TSlTC #velenje", 
    "nr_retweets": 0, 
    "keyword": "velenje", 
    "id": "943419734044819456", 
    "sentiment": "", 
    "language": "fr", 
    "created": "2017-12-20 09:56:07", 
    "coordinates": "", 
    "place": "", 
    "nr_favourites": 0, 
    "type": "twitter-post", 
    "user": {
      "description": "Jesus is my Savior, God is the reason i'm here. Family No.1", 
      "ULR": "http://www.twitter.com/eli23b", 
      "nr_posts": 1184054, 
      "nr_followers": 19315, 
      "id": "2411739817", 
      "screen_name": "eli23b", 
      "nr_friends": 21734, 
      "name": "eli3zaBeth", 
      "language": "en", 
      "created": "2014-03-26 00:09:36", 
      "time_zone": "Pacific Time (US & Canada)", 
      "location": "Wisconsin, USA"
    }
  }, 
  "twitter-post-943417970390429696": {
    "tags": "", 
    "URL": "https://twitter.com/Interior/status/943417970390429696", 
    "text": "Last Match of the year in SEHA Gazprom League: Velenje faces today Brest ... \n\u27a1\ufe0f https://t.co/eGjwDmxHGq", 
    "nr_retweets": 0, 
    "keyword": "velenje", 
    "id": "943417970390429696", 
    "sentiment": "pos", 
    "language": "en", 
    "created": "2017-12-20 09:49:06", 
    "coordinates": "", 
    "place": "", 
    "nr_favourites": 0, 
    "type": "twitter-post", 
    "user": {
      "description": "The English Twitter-Channel of http://t.co/qAf9gFvw", 
      "ULR": "http://www.twitter.com/hbworldcom", 
      "nr_posts": 6838, 
      "nr_followers": 2053, 
      "id": "1103983681", 
      "screen_name": "hbworldcom", 
      "nr_friends": 236, 
      "name": "handball-world EN", 
      "language": "de", 
      "created": "2013-01-19 15:36:38", 
      "time_zone": "Amsterdam", 
      "location": ""
    }
  }, 
  "twitter-post-943465759950307328": {
    "tags": "", 
    "URL": "https://twitter.com/Interior/status/943465759950307328", 
    "text": "Naj si Va\u0161i najdra\u017eji izberejo nova korekcijska ali son\u010dna o\u010dala po lastni izbiri - podarite jim darilni bon Optike\u2026 https://t.co/eMj5lPldsA", 
    "nr_retweets": 0, 
    "keyword": "velenje", 
    "id": "943465759950307328", 
    "sentiment": "pos", 
    "language": "sl", 
    "created": "2017-12-20 12:59:00", 
    "coordinates": "", 
    "place": "", 
    "nr_favourites": 0, 
    "type": "twitter-post", 
    "user": {
      "description": "", 
      "ULR": "http://www.twitter.com/OptikaIrman", 
      "nr_posts": 750, 
      "nr_followers": 10, 
      "id": "2327725423", 
      "screen_name": "OptikaIrman", 
      "nr_friends": 24, 
      "name": "Optika Irman", 
      "language": "en", 
      "created": "2014-02-04 21:27:53", 
      "gender": "female", 
      "time_zone": null, 
      "location": "\u017dalec | Velenje | Ljubljana"
    }
  }, 
  "twitter-post-942714495583096832": {
    "tags": "", 
    "URL": "https://twitter.com/Interior/status/942714495583096832", 
    "text": "Fourth SEHA victory: Velenje wins the \"black-yellow\" duel in Pancevo ...\n\u27a1\ufe0f https://t.co/ZW13UbnKep", 
    "nr_retweets": 0, 
    "keyword": "velenje", 
    "id": "942714495583096832", 
    "sentiment": "neg", 
    "language": "en", 
    "created": "2017-12-18 11:13:45", 
    "coordinates": "", 
    "place": "", 
    "nr_favourites": 0, 
    "type": "twitter-post", 
    "user": {
      "description": "The English Twitter-Channel of http://t.co/qAf9gFvw", 
      "ULR": "http://www.twitter.com/hbworldcom", 
      "nr_posts": 6838, 
      "nr_followers": 2053, 
      "id": "1103983681", 
      "screen_name": "hbworldcom", 
      "nr_friends": 236, 
      "name": "handball-world EN", 
      "language": "de", 
      "created": "2013-01-19 15:36:38", 
      "time_zone": "Amsterdam", 
      "location": ""
    }
  }, 
  "twitter-post-943576187535872000": {
    "tags": "", 
    "URL": "https://twitter.com/Interior/status/943576187535872000", 
    "text": "Esta tarde se ha jugado el partido correspondiente a la Jornada 8 de la @SEHALeague que enfrentaba al\u2026 https://t.co/VjoZMv8R4t", 
    "nr_retweets": 0, 
    "keyword": "velenje", 
    "id": "943576187535872000", 
    "sentiment": "", 
    "language": "es", 
    "created": "2017-12-20 20:17:48", 
    "coordinates": "", 
    "place": "", 
    "nr_favourites": 0, 
    "type": "twitter-post", 
    "user": {
      "description": "Twitter oficial de Handball100x100. Web deportiva l\u00edder en informaci\u00f3n de balonmano.", 
      "ULR": "http://www.twitter.com/Handball100x100", 
      "nr_posts": 33118, 
      "nr_followers": 16056, 
      "id": "401592361", 
      "screen_name": "Handball100x100", 
      "nr_friends": 2375, 
      "name": "Handball 100x100", 
      "language": "es", 
      "created": "2011-10-30 19:45:42", 
      "time_zone": "Madrid", 
      "location": "Barcelona, Catalunya"
    }
  }, 
  "twitter-post-943051362203590656": {
    "tags": "", 
    "URL": "https://twitter.com/Interior/status/943051362203590656", 
    "text": "Dra\u017eba v Velenju V Centru ponovne uporabe Velenje bo dra\u017eba petih izdelkov https://t.co/rwQ92Y5WJt https://t.co/YtbVqTmH5j", 
    "nr_retweets": 0, 
    "keyword": "velenje", 
    "id": "943051362203590656", 
    "sentiment": "neg", 
    "language": "sl", 
    "created": "2017-12-19 09:32:20", 
    "coordinates": "", 
    "place": "", 
    "nr_favourites": 0, 
    "type": "twitter-post", 
    "user": {
      "description": "Vse zadnje novice na enem mestu.", 
      "ULR": "http://www.twitter.com/ZNovice", 
      "nr_posts": 1182928, 
      "nr_followers": 1100, 
      "id": "551154223", 
      "screen_name": "ZNovice", 
      "nr_friends": 219, 
      "name": "ZadnjeNovice.info", 
      "language": "en", 
      "created": "2012-04-11 17:07:33", 
      "time_zone": "Ljubljana", 
      "location": "Slovenija"
    }
  }, 
  "twitter-post-943133989510045697": {
    "tags": "", 
    "URL": "https://twitter.com/Interior/status/943133989510045697", 
    "text": "RT @GorenjeVelenje: Po zapisih v nekaterih medijih sporo\u010damo, da se klubsko vodstvo z Matja\u017eem Brumnom v teh dneh dogovarja mo\u017enostih o nad\u2026", 
    "nr_retweets": 1, 
    "keyword": "velenje", 
    "id": "943133989510045697", 
    "sentiment": "neg", 
    "language": "sl", 
    "created": "2017-12-19 15:00:40", 
    "coordinates": "", 
    "place": "", 
    "nr_favourites": 0, 
    "type": "twitter-post", 
    "user": {
      "description": "Are you a handball player?\nGive yourself a visibility boost!", 
      "ULR": "http://www.twitter.com/HandballProfile", 
      "nr_posts": 3413, 
      "nr_followers": 666, 
      "id": "2685079579", 
      "screen_name": "HandballProfile", 
      "nr_friends": 1329, 
      "name": "Handball-Profile.com", 
      "language": "it", 
      "created": "2014-07-27 13:18:39", 
      "time_zone": "Athens", 
      "location": ""
    }
  }, 
  "twitter-post-943521896892715008": {
    "tags": "", 
    "URL": "https://twitter.com/Interior/status/943521896892715008", 
    "text": "Stavka v premogovniku Velenje je tik pred vrati https://t.co/Xpyn7hvDOc", 
    "nr_retweets": 1, 
    "keyword": "velenje", 
    "id": "943521896892715008", 
    "sentiment": "neg", 
    "language": "sl", 
    "created": "2017-12-20 16:42:04", 
    "coordinates": "", 
    "place": "", 
    "nr_favourites": 0, 
    "type": "twitter-post", 
    "user": {
      "description": "Najbolj obiskana spletna stran v Sloveniji.", 
      "ULR": "http://www.twitter.com/24ur_com", 
      "nr_posts": 63911, 
      "nr_followers": 107447, 
      "id": "41571381", 
      "screen_name": "24ur_com", 
      "nr_friends": 832, 
      "name": "24ur.com", 
      "language": "en", 
      "created": "2009-05-21 11:48:29", 
      "time_zone": "Ljubljana", 
      "location": "Republic of Slovenia"
    }
  }, 
  "twitter-post-943536391086067712": {
    "tags": "", 
    "URL": "https://twitter.com/Interior/status/943536391086067712", 
    "text": "Half time in Velenje. 20:13 for @GorenjeVelenje \ud83c\udd9a @bgk_meshkova. Can the hosts hold on to big the lead in the secon\u2026 https://t.co/6u61dA32e0", 
    "nr_retweets": 0, 
    "keyword": "velenje", 
    "id": "943536391086067712", 
    "sentiment": "neg", 
    "language": "en", 
    "created": "2017-12-20 17:39:40", 
    "coordinates": "", 
    "place": "", 
    "nr_favourites": 0, 
    "type": "twitter-post", 
    "user": {
      "description": "Official Twitter Feed of SEHA Gazprom League FB: https://t.co/knk9iEB0vD Instagram: https://t.co/s9vp6sk4ZX YouTube: https://t.co/VWkAj6lbda", 
      "ULR": "http://www.twitter.com/SEHALeague", 
      "nr_posts": 4223, 
      "nr_followers": 2114, 
      "id": "2158957212", 
      "screen_name": "SEHALeague", 
      "nr_friends": 408, 
      "name": "SEHA-GAZPROM LEAGUE", 
      "language": "en", 
      "created": "2013-10-27 14:11:44", 
      "time_zone": "Belgrade", 
      "location": "Croatia, Zagreb, Metal\u010deva 5"
    }
  }, 
  "twitter-post-943574843244662784": {
    "tags": "", 
    "URL": "https://twitter.com/Interior/status/943574843244662784", 
    "text": "V velenjskem premogovniku napetosti med upravo in sindikatom V Sindikatu delavcev rudarstva in energetike Slovenije\u2026 https://t.co/chD4uSBtnd", 
    "nr_retweets": 0, 
    "keyword": "velenje", 
    "id": "943574843244662784", 
    "sentiment": "neg", 
    "language": "sl", 
    "created": "2017-12-20 20:12:28", 
    "coordinates": "", 
    "place": "", 
    "nr_favourites": 0, 
    "type": "twitter-post", 
    "user": {
      "description": "Vse zadnje novice na enem mestu.", 
      "ULR": "http://www.twitter.com/ZNovice", 
      "nr_posts": 1182928, 
      "nr_followers": 1100, 
      "id": "551154223", 
      "screen_name": "ZNovice", 
      "nr_friends": 219, 
      "name": "ZadnjeNovice.info", 
      "language": "en", 
      "created": "2012-04-11 17:07:33", 
      "time_zone": "Ljubljana", 
      "location": "Slovenija"
    }
  }, 
  "twitter-post-942726527753641984": {
    "tags": "", 
    "URL": "https://twitter.com/Interior/status/942726527753641984", 
    "text": "HC Vardar x RK Gorenje Velenje SEHA League 2017 FULL MATCH https://t.co/MA8m5XhR87", 
    "nr_retweets": 0, 
    "keyword": "velenje", 
    "id": "942726527753641984", 
    "sentiment": "pos", 
    "language": "sl", 
    "created": "2017-12-18 12:01:33", 
    "coordinates": "", 
    "place": "", 
    "nr_favourites": 0, 
    "type": "twitter-post", 
    "user": {
      "description": "", 
      "ULR": "http://www.twitter.com/HenriqueNassif", 
      "nr_posts": 3083, 
      "nr_followers": 147, 
      "id": "1405487701", 
      "screen_name": "HenriqueNassif", 
      "nr_friends": 37, 
      "name": "SNAP henriquenassif7", 
      "language": "pt", 
      "created": "2013-05-05 16:29:31", 
      "time_zone": "Brasilia", 
      "location": ""
    }
  }, 
  "twitter-post-943763100876136448": {
    "tags": "", 
    "URL": "https://twitter.com/Interior/status/943763100876136448", 
    "text": "I added a video to a @YouTube playlist https://t.co/Uf9zDqZleL \u017dupan z vami - Bojan Konti\u010d, \u017eupan MO Velenje, 20. december 2017", 
    "nr_retweets": 0, 
    "keyword": "velenje", 
    "id": "943763100876136448", 
    "sentiment": "neg", 
    "language": "sl", 
    "created": "2017-12-21 08:40:32", 
    "coordinates": "", 
    "place": "", 
    "nr_favourites": 0, 
    "type": "twitter-post", 
    "user": {
      "description": "\u017darova cesta 10 3320 Velenje Tel: 03/ 898-6000\r\nEmail: vtv.studio@siol.net", 
      "ULR": "http://www.twitter.com/vtvstudio", 
      "nr_posts": 1614, 
      "nr_followers": 264, 
      "id": "532326549", 
      "screen_name": "vtvstudio", 
      "nr_friends": 0, 
      "name": "VTV Studio Velenje", 
      "language": "en", 
      "created": "2012-03-21 13:46:50", 
      "time_zone": "Ljubljana", 
      "location": "Velenje - Slovenija"
    }
  }, 
  "twitter-post-942809411608772608": {
    "tags": "", 
    "URL": "https://twitter.com/Interior/status/942809411608772608", 
    "text": "Odlo\u010ditve, ali bodo v Premogovniku Velenje letos sploh izpla\u010dali kak\u0161ne nagrade ob koncu leta, \u0161e vedno ni. Rudarji\u2026 https://t.co/IS5XY6tOqP", 
    "nr_retweets": 0, 
    "keyword": "velenje", 
    "id": "942809411608772608", 
    "sentiment": "pos", 
    "language": "sl", 
    "created": "2017-12-18 17:30:54", 
    "coordinates": "", 
    "place": "", 
    "nr_favourites": 0, 
    "type": "twitter-post", 
    "user": {
      "description": "", 
      "ULR": "http://www.twitter.com/vecer", 
      "nr_posts": 118314, 
      "nr_followers": 16673, 
      "id": "2635091", 
      "screen_name": "vecer", 
      "nr_friends": 1654, 
      "name": "Ve\u010der", 
      "language": "en", 
      "created": "2007-03-28 08:13:20", 
      "time_zone": "Ljubljana", 
      "location": ""
    }
  }, 
  "twitter-post-943321087420616704": {
    "tags": "", 
    "URL": "https://twitter.com/Interior/status/943321087420616704", 
    "text": "Zahteve za bo\u017ei\u010dnice kot sne\u017ena kepa \u010dez Slovenijo https://t.co/Uishwc5B0F Za delavci v Gorenju in Heliosu se bodo\u2026 https://t.co/jy8Vh8NzYp", 
    "nr_retweets": 0, 
    "keyword": "velenje", 
    "id": "943321087420616704", 
    "sentiment": "neg", 
    "language": "sl", 
    "created": "2017-12-20 03:24:07", 
    "coordinates": "", 
    "place": "", 
    "nr_favourites": 0, 
    "type": "twitter-post", 
    "user": {
      "description": "Vse zadnje novice na enem mestu.", 
      "ULR": "http://www.twitter.com/ZNovice", 
      "nr_posts": 1182928, 
      "nr_followers": 1100, 
      "id": "551154223", 
      "screen_name": "ZNovice", 
      "nr_friends": 219, 
      "name": "ZadnjeNovice.info", 
      "language": "en", 
      "created": "2012-04-11 17:07:33", 
      "time_zone": "Ljubljana", 
      "location": "Slovenija"
    }
  }, 
  "twitter-post-942770931302326272": {
    "tags": "", 
    "URL": "https://twitter.com/Interior/status/942770931302326272", 
    "text": "Naj si Va\u0161i najdra\u017eji izberejo nova korekcijska ali son\u010dna o\u010dala po lastni izbiri - podarite jim darilni bon Optike\u2026 https://t.co/Lpj8wSv5SQ", 
    "nr_retweets": 0, 
    "keyword": "velenje", 
    "id": "942770931302326272", 
    "sentiment": "pos", 
    "language": "sl", 
    "created": "2017-12-18 14:58:00", 
    "coordinates": "", 
    "place": "", 
    "nr_favourites": 0, 
    "type": "twitter-post", 
    "user": {
      "description": "", 
      "ULR": "http://www.twitter.com/OptikaIrman", 
      "nr_posts": 750, 
      "nr_followers": 10, 
      "id": "2327725423", 
      "screen_name": "OptikaIrman", 
      "nr_friends": 24, 
      "name": "Optika Irman", 
      "language": "en", 
      "created": "2014-02-04 21:27:53", 
      "gender": "female", 
      "time_zone": null, 
      "location": "\u017dalec | Velenje | Ljubljana"
    }
  }, 
  "twitter-post-942567619374211072": {
    "tags": "velenje", 
    "URL": "https://twitter.com/Interior/status/942567619374211072", 
    "text": "12-18 Nikita Khrouchtchev prononce un discours \u00e0 son arriv\u00e9e... https://t.co/kMy819Q4hn #velenje", 
    "nr_retweets": 0, 
    "keyword": "velenje", 
    "id": "942567619374211072", 
    "sentiment": "", 
    "language": "fr", 
    "created": "2017-12-18 01:30:07", 
    "coordinates": "", 
    "place": "", 
    "nr_favourites": 0, 
    "type": "twitter-post", 
    "user": {
      "description": "Jesus is my Savior, God is the reason i'm here. Family No.1", 
      "ULR": "http://www.twitter.com/eli23b", 
      "nr_posts": 1184054, 
      "nr_followers": 19315, 
      "id": "2411739817", 
      "screen_name": "eli23b", 
      "nr_friends": 21734, 
      "name": "eli3zaBeth", 
      "language": "en", 
      "created": "2014-03-26 00:09:36", 
      "time_zone": "Pacific Time (US & Canada)", 
      "location": "Wisconsin, USA"
    }
  }, 
  "twitter-post-943691326339641344": {
    "tags": "", 
    "URL": "https://twitter.com/Interior/status/943691326339641344", 
    "text": "Kdo v dr\u017eavni energetiki pobira provizije od zavarovanj Medtem ko v Premogovniku Velenje zatrjujejo, da v zadnjem l\u2026 https://t.co/W7WdnFoig4", 
    "nr_retweets": 0, 
    "keyword": "velenje", 
    "id": "943691326339641344", 
    "sentiment": "neg", 
    "language": "sl", 
    "created": "2017-12-21 03:55:19", 
    "coordinates": "", 
    "place": "", 
    "nr_favourites": 0, 
    "type": "twitter-post", 
    "user": {
      "description": "Vse zadnje novice na enem mestu.", 
      "ULR": "http://www.twitter.com/ZNovice", 
      "nr_posts": 1182928, 
      "nr_followers": 1100, 
      "id": "551154223", 
      "screen_name": "ZNovice", 
      "nr_friends": 219, 
      "name": "ZadnjeNovice.info", 
      "language": "en", 
      "created": "2012-04-11 17:07:33", 
      "time_zone": "Ljubljana", 
      "location": "Slovenija"
    }
  }, 
  "twitter-post-943409357580095488": {
    "tags": "", 
    "URL": "https://twitter.com/Interior/status/943409357580095488", 
    "text": "Vabljeni na najbolj zabavno Dekli\u0161\u010dino, kar jih je: https://t.co/up8cMaq2Wl \n\u27a122.12. in 29.12. v Meng\u0161u - le \u0161e nek\u2026 https://t.co/f8xW5YYnmb", 
    "nr_retweets": 0, 
    "keyword": "velenje", 
    "id": "943409357580095488", 
    "sentiment": "pos", 
    "language": "sl", 
    "created": "2017-12-20 09:14:53", 
    "coordinates": "", 
    "place": "", 
    "nr_favourites": 0, 
    "type": "twitter-post", 
    "user": {
      "description": "Najbolj obiskano gledali\u0161\u010de v Sloveniji.", 
      "ULR": "http://www.twitter.com/SpasTeater", 
      "nr_posts": 664, 
      "nr_followers": 560, 
      "id": "348533597", 
      "screen_name": "SpasTeater", 
      "nr_friends": 264, 
      "name": "\u0160pas teater", 
      "language": "en", 
      "created": "2011-08-04 15:54:15", 
      "time_zone": null, 
      "location": "Menge\u0161"
    }
  }, 
  "twitter-post-942861527874527240": {
    "tags": "", 
    "URL": "https://twitter.com/Interior/status/942861527874527240", 
    "text": "Naj si Va\u0161i najdra\u017eji izberejo nova korekcijska ali son\u010dna o\u010dala po lastni izbiri - podarite jim darilni bon Optike\u2026 https://t.co/lT4kb56Zrd", 
    "nr_retweets": 0, 
    "keyword": "velenje", 
    "id": "942861527874527240", 
    "sentiment": "pos", 
    "language": "sl", 
    "created": "2017-12-18 20:58:00", 
    "coordinates": "", 
    "place": "", 
    "nr_favourites": 0, 
    "type": "twitter-post", 
    "user": {
      "description": "", 
      "ULR": "http://www.twitter.com/OptikaIrman", 
      "nr_posts": 750, 
      "nr_followers": 10, 
      "id": "2327725423", 
      "screen_name": "OptikaIrman", 
      "nr_friends": 24, 
      "name": "Optika Irman", 
      "language": "en", 
      "created": "2014-02-04 21:27:53", 
      "gender": "female", 
      "time_zone": null, 
      "location": "\u017dalec | Velenje | Ljubljana"
    }
  }, 
  "twitter-post-942547489562832901": {
    "tags": "velenje", 
    "URL": "https://twitter.com/Interior/status/942547489562832901", 
    "text": "12-18 Un mineur accueille Nikita Khrouctchev \u00e0 Velenje,... https://t.co/rSTmFZWWAS #velenje", 
    "nr_retweets": 0, 
    "keyword": "velenje", 
    "id": "942547489562832901", 
    "sentiment": "", 
    "language": "fr", 
    "created": "2017-12-18 00:10:07", 
    "coordinates": "", 
    "place": "", 
    "nr_favourites": 0, 
    "type": "twitter-post", 
    "user": {
      "description": "Jesus is my Savior, God is the reason i'm here. Family No.1", 
      "ULR": "http://www.twitter.com/eli23b", 
      "nr_posts": 1184054, 
      "nr_followers": 19315, 
      "id": "2411739817", 
      "screen_name": "eli23b", 
      "nr_friends": 21734, 
      "name": "eli3zaBeth", 
      "language": "en", 
      "created": "2014-03-26 00:09:36", 
      "time_zone": "Pacific Time (US & Canada)", 
      "location": "Wisconsin, USA"
    }
  }, 
  "twitter-post-943429041419272193": {
    "tags": "velenje", 
    "URL": "https://twitter.com/Interior/status/943429041419272193", 
    "text": "12-20 Nikita Khrouchtchev prononce un discours \u00e0 son arriv\u00e9e... https://t.co/W29adWmlRG #velenje", 
    "nr_retweets": 0, 
    "keyword": "velenje", 
    "id": "943429041419272193", 
    "sentiment": "", 
    "language": "fr", 
    "created": "2017-12-20 10:33:06", 
    "coordinates": "", 
    "place": "", 
    "nr_favourites": 0, 
    "type": "twitter-post", 
    "user": {
      "description": "Jesus is my Savior, God is the reason i'm here. Family No.1", 
      "ULR": "http://www.twitter.com/eli23b", 
      "nr_posts": 1184054, 
      "nr_followers": 19315, 
      "id": "2411739817", 
      "screen_name": "eli23b", 
      "nr_friends": 21734, 
      "name": "eli3zaBeth", 
      "language": "en", 
      "created": "2014-03-26 00:09:36", 
      "time_zone": "Pacific Time (US & Canada)", 
      "location": "Wisconsin, USA"
    }
  }, 
  "twitter-post-942266836149731330": {
    "tags": "", 
    "URL": "https://twitter.com/Interior/status/942266836149731330", 
    "text": "Ob 1.53 sta na Gregor\u010di\u010devi ulici v Velenju zagorela zabojnika za smeti. Posredovali so gasilci PGD Velenje, ki so\u2026 https://t.co/H5zq0kxmah", 
    "nr_retweets": 0, 
    "keyword": "velenje", 
    "id": "942266836149731330", 
    "sentiment": "neg", 
    "language": "sl", 
    "created": "2017-12-17 05:34:54", 
    "coordinates": "", 
    "place": "", 
    "nr_favourites": 0, 
    "type": "twitter-post", 
    "user": {
      "description": "Neuradni ra\u010dun obvestil,ki jih posreduje Uprava RS za za\u0161\u010dito in re\u0161evanje preko RSS.\nIkona: Lorc (http://t.co/9R6sW5AQUy). Za vas ustvaril @MihaMarkic.", 
      "ULR": "http://www.twitter.com/SPINObvestila", 
      "nr_posts": 37043, 
      "nr_followers": 236, 
      "id": "2164668882", 
      "screen_name": "SPINObvestila", 
      "nr_friends": 0, 
      "name": "SPINObvestila", 
      "language": "en", 
      "created": "2013-10-30 12:16:11", 
      "time_zone": null, 
      "location": ""
    }
  }, 
  "twitter-post-943495539944972288": {
    "tags": "velenje", 
    "URL": "https://twitter.com/Interior/status/943495539944972288", 
    "text": "12-20 Nikita Khrouchtchev prononce un discours \u00e0 son arriv\u00e9e... https://t.co/2FFCOrCEer #velenje", 
    "nr_retweets": 0, 
    "keyword": "velenje", 
    "id": "943495539944972288", 
    "sentiment": "", 
    "language": "fr", 
    "created": "2017-12-20 14:57:20", 
    "coordinates": "", 
    "place": "", 
    "nr_favourites": 0, 
    "type": "twitter-post", 
    "user": {
      "description": "Jesus is my Savior, God is the reason i'm here. Family No.1", 
      "ULR": "http://www.twitter.com/eli23b", 
      "nr_posts": 1184054, 
      "nr_followers": 19315, 
      "id": "2411739817", 
      "screen_name": "eli23b", 
      "nr_friends": 21734, 
      "name": "eli3zaBeth", 
      "language": "en", 
      "created": "2014-03-26 00:09:36", 
      "time_zone": "Pacific Time (US & Canada)", 
      "location": "Wisconsin, USA"
    }
  }, 
  "twitter-post-942886918684938241": {
    "tags": "velenje", 
    "URL": "https://twitter.com/Interior/status/942886918684938241", 
    "text": "12-18 Nikita Khrouchtchev prononce un discours \u00e0 son arriv\u00e9e... https://t.co/X7WcL15ZFn #velenje", 
    "nr_retweets": 0, 
    "keyword": "velenje", 
    "id": "942886918684938241", 
    "sentiment": "", 
    "language": "fr", 
    "created": "2017-12-18 22:38:54", 
    "coordinates": "", 
    "place": "", 
    "nr_favourites": 0, 
    "type": "twitter-post", 
    "user": {
      "description": "Jesus is my Savior, God is the reason i'm here. Family No.1", 
      "ULR": "http://www.twitter.com/eli23b", 
      "nr_posts": 1184054, 
      "nr_followers": 19315, 
      "id": "2411739817", 
      "screen_name": "eli23b", 
      "nr_friends": 21734, 
      "name": "eli3zaBeth", 
      "language": "en", 
      "created": "2014-03-26 00:09:36", 
      "time_zone": "Pacific Time (US & Canada)", 
      "location": "Wisconsin, USA"
    }
  }, 
  "twitter-post-943096393174011904": {
    "tags": "", 
    "URL": "https://twitter.com/Interior/status/943096393174011904", 
    "text": "RT @OrganiCity_eu: This experimenter is from Valenje, Slovenia...Portal Open Data Velenje experiment is a platform where every organisation\u2026", 
    "nr_retweets": 3, 
    "keyword": "velenje", 
    "id": "943096393174011904", 
    "sentiment": "neg", 
    "language": "en", 
    "created": "2017-12-19 12:31:16", 
    "coordinates": "", 
    "place": "", 
    "nr_favourites": 0, 
    "type": "twitter-post", 
    "user": {
      "description": "Dedicated to Study, Analyse and Protect World Cultural Heritage (CH). Promoting Peace through Information and Communication Technologies (ICTs). MADE IN GREECE.", 
      "ULR": "http://www.twitter.com/ArwenLannelLabs", 
      "nr_posts": 2125, 
      "nr_followers": 189, 
      "id": "845626657062957057", 
      "screen_name": "ArwenLannelLabs", 
      "nr_friends": 184, 
      "name": "ARWEN LANNEL LABS", 
      "language": "en", 
      "created": "2017-03-25 13:21:20", 
      "time_zone": "Athens", 
      "location": "Larisa, Greece"
    }
  }, 
  "twitter-post-942709764164812801": {
    "tags": "", 
    "URL": "https://twitter.com/Interior/status/942709764164812801", 
    "text": "Koritnik Matija / Marki\u010d Robert SVN/SVN in Renault Clio R3 MAX  on rally Velenje 2017 https://t.co/3IMAC4NyQd", 
    "nr_retweets": 0, 
    "keyword": "velenje", 
    "id": "942709764164812801", 
    "sentiment": "pos", 
    "language": "sl", 
    "created": "2017-12-18 10:54:57", 
    "coordinates": "", 
    "place": "", 
    "nr_favourites": 0, 
    "type": "twitter-post", 
    "user": {
      "description": "Film maker", 
      "ULR": "http://www.twitter.com/CondyMotorsport", 
      "nr_posts": 55, 
      "nr_followers": 6, 
      "id": "931096960886599685", 
      "screen_name": "CondyMotorsport", 
      "nr_friends": 178, 
      "name": "Condy", 
      "language": "en-gb", 
      "created": "2017-11-16 09:49:49", 
      "time_zone": "Ljubljana", 
      "location": "Slovenija"
    }
  }
}