{
  "youtube-video-2ka1Ahc-kkU": {
    "description": "ve\u010d na www.katjadancecompany.com.", 
    "nr_comments": 0, 
    "tags": "", 
    "URL": "https://www.youtube.com/watch?v=2ka1Ahc-kkU", 
    "nr_dislikes": 0, 
    "nr_likes": 1, 
    "user": {
      "nr_friends": 6, 
      "name": "Katja Dance Company", 
      "nr_videos": 39, 
      "created": "2017-01-09 15:34:12", 
      "URL": "https://www.youtube.com/channel/UCmzpk_1VFecIm1QzKU36uXA", 
      "country": null, 
      "id": "UCmzpk_1VFecIm1QzKU36uXA", 
      "description": "Katja Dance Company iz Ljubljane producira plesne predstave in dogodke."
    }, 
    "keyword": "velenje", 
    "id": "2ka1Ahc-kkU", 
    "nr_views": 38, 
    "sentiment": "neg", 
    "language": "sl", 
    "created": "2017-12-19 14:45:07", 
    "title": "Povabilo v Velenje 13.1.2018 - \u017divljenje je vrednota", 
    "type": "youtube-video"
  }, 
  "youtube-video-NAyHFRCM2mA": {
    "description": "", 
    "nr_comments": 0, 
    "tags": "sa\u0161a inkubator, startup, velenje, standard, podjetni\u0161ki center", 
    "URL": "https://www.youtube.com/watch?v=NAyHFRCM2mA", 
    "nr_dislikes": 0, 
    "nr_likes": 0, 
    "user": {
      "nr_friends": 4, 
      "name": "SA\u0160A inkubator", 
      "nr_videos": 17, 
      "created": "2015-09-14 12:10:39", 
      "URL": "https://www.youtube.com/channel/UCplnIkVCCdbjuQ3hPwm_BvQ", 
      "country": null, 
      "id": "UCplnIkVCCdbjuQ3hPwm_BvQ", 
      "description": ""
    }, 
    "keyword": "velenje", 
    "id": "NAyHFRCM2mA", 
    "nr_views": 6, 
    "sentiment": "", 
    "language": "", 
    "created": "2017-12-18 11:24:17", 
    "title": "Start:up Velenje 2017", 
    "type": "youtube-video"
  }, 
  "youtube-video-i8CE8smM-2Y": {
    "description": "Dinamo (Srb) vs Gorenje Velenje (Slo) EUROPE: SEHA Liga \u2190 Live Stream \u2192http://rey.vivosporthd.stream/54u \u2190 Dinamo (Srb) vs Gorenje Velenje (Slo) Live Stream EUROPE: SEHA Liga Dinamo...", 
    "nr_comments": 0, 
    "tags": "", 
    "URL": "https://www.youtube.com/watch?v=i8CE8smM-2Y", 
    "nr_dislikes": 0, 
    "nr_likes": 0, 
    "user": {
      "nr_friends": 0, 
      "name": "simesta sports", 
      "nr_videos": 0, 
      "created": "2017-12-12 07:50:48", 
      "URL": "https://www.youtube.com/channel/UCQG_i2CSq3ZB34OcuAt9VTQ", 
      "country": null, 
      "id": "UCQG_i2CSq3ZB34OcuAt9VTQ", 
      "description": "Dinamo (Srb) VS Gorenje Velenje (Slo) SEHA Liga \u2190 Live Stream \u2192http://palabuhan.me/5Qs \u2190 Dinamo (Srb) VS Gorenje Velenje (Slo) Live Stream SEHA Liga Dinamo (Srb) VS Gorenje Velenje..."
    }, 
    "keyword": "velenje", 
    "id": "i8CE8smM-2Y", 
    "nr_views": 0, 
    "sentiment": "pos", 
    "language": "sl", 
    "created": "2017-12-17 13:39:59", 
    "title": "Dinamo (Srb) vs Gorenje Velenje (Slo) - LIVE Handball 2017", 
    "type": "youtube-video"
  }, 
  "youtube-video-UJFyCRYput0": {
    "description": "Handball - Handball 2017 - Handball FACEBOOK | https://www.facebook.com/handballhenriquenassif INSTAGRAM | https://www.instagram.com/henriquenassif/ Handball (y) Like/Subscribe (y) Handball...", 
    "nr_comments": 2, 
    "tags": "HC Vardar, RK Gorenje Velenje, SEHA League 2017, SEHA League, Neymar", 
    "URL": "https://www.youtube.com/watch?v=UJFyCRYput0", 
    "nr_dislikes": 0, 
    "nr_likes": 23, 
    "user": {
      "nr_friends": 64987, 
      "name": "Henrique Nassif Handball", 
      "nr_videos": 1326, 
      "created": "2012-05-05 05:31:52", 
      "URL": "https://www.youtube.com/channel/UCbV4GfqoeSHovQFiLQITwbA", 
      "country": "BR", 
      "id": "UCbV4GfqoeSHovQFiLQITwbA", 
      "description": "I make videos of Handball, because I love Handball\nHandball, Handebol, Balonmano, H\u00e5ndbold, K\u00e9zilabda, Handbolti, P\u0430\u043a\u043e\u043c\u0435\u0442, \"Pi\u0142ka r\u0119czna\", \u043b\u043e\u043f\u0442\u0430, Handbolti, Handbol\nhandball - Handball - HANDBALL\nHandball Video\n\nContact / Contato\nhenriquelimanassif@hotmail.com"
    }, 
    "keyword": "velenje", 
    "id": "UJFyCRYput0", 
    "nr_views": 613, 
    "sentiment": "", 
    "language": "da", 
    "created": "2017-12-18 12:00:02", 
    "title": "HC Vardar x RK Gorenje Velenje SEHA League 2017 FULL MATCH", 
    "type": "youtube-video"
  }, 
  "youtube-video-MzOYhDFINlI": {
    "description": "", 
    "nr_comments": 0, 
    "tags": "", 
    "URL": "https://www.youtube.com/watch?v=MzOYhDFINlI", 
    "nr_dislikes": 0, 
    "nr_likes": 0, 
    "user": {
      "nr_friends": 0, 
      "name": "VTV Studio", 
      "nr_videos": 803, 
      "created": "2014-11-13 06:36:32", 
      "URL": "https://www.youtube.com/channel/UCO0HUhcM_ucujQp7ly-EXTg", 
      "country": "SI", 
      "id": "UCO0HUhcM_ucujQp7ly-EXTg", 
      "description": "VTV Studio\n\u017darova 3320 Velenje\nTel.: 03/ 898 60 00\nFax: 03/ 898 60 20\nEmail: vtv.studio@siol.net"
    }, 
    "keyword": "velenje", 
    "id": "MzOYhDFINlI", 
    "nr_views": 3, 
    "sentiment": "", 
    "language": "", 
    "created": "2017-12-21 09:30:25", 
    "title": "\u017dupan z vami - Bojan Konti\u010d, \u017eupan MO Velenje, 20. december 2017", 
    "type": "youtube-video"
  }, 
  "youtube-video-tpUDJftDe00": {
    "description": "SEHA - Gazprom League 2017/2018 - Facebook: https://www.facebook.com/SEHALeague/ - Twitter: http://twitter.com/SEHALeague - Instagram: http://instagram.com/seha_league/", 
    "nr_comments": 0, 
    "tags": "SEHA, GAZPROM, LEAGUE, SEHA Gazprom League, Sport, Handball, Season 7, Season 2017/2018, Match highlights, Gorenje Velenje, Meshkov Brest, Sports Asociation", 
    "URL": "https://www.youtube.com/watch?v=tpUDJftDe00", 
    "nr_dislikes": 0, 
    "nr_likes": 2, 
    "user": {
      "gender": "male", 
      "nr_friends": 3668, 
      "name": "SEHA Gazprom League", 
      "nr_videos": 1317, 
      "created": "2013-10-19 17:05:15", 
      "URL": "https://www.youtube.com/channel/UCXg0JLDvMkCKVgVWFSOdQ3g", 
      "country": null, 
      "id": "UCXg0JLDvMkCKVgVWFSOdQ3g", 
      "description": "SEHA (South East Handball Association) is an association consisting of handball clubs from Croatia, Macedonia, Slovakia, Serbia, Belarus and Slovenia. SEHA association controls the SEHA League, a unique handball competition that features 10 teams from mentioned countries. The league president is Mihajlo Mihajlovski, director of SEHA League is Sinisa Ostoic and the SEHA League commissioner is Marjan Nacevski."
    }, 
    "keyword": "velenje", 
    "id": "tpUDJftDe00", 
    "nr_views": 201, 
    "sentiment": "pos", 
    "language": "en", 
    "created": "2017-12-20 19:32:47", 
    "title": "Match highlights: Gorenje Velenje vs Meshkov Brest", 
    "type": "youtube-video"
  }, 
  "youtube-video-WgeIRxHgh80": {
    "description": "Live \u2192 http://bit.ly/2DgKzMT.", 
    "nr_comments": 0, 
    "tags": "", 
    "URL": "https://www.youtube.com/watch?v=WgeIRxHgh80", 
    "nr_dislikes": 0, 
    "nr_likes": 0, 
    "user": {
      "nr_friends": 50, 
      "name": "Esti Magriawati", 
      "nr_videos": 0, 
      "created": "2017-12-06 12:32:29", 
      "URL": "https://www.youtube.com/channel/UC43UtfFwuDP3BG0NCf0tJmw", 
      "country": null, 
      "id": "UC43UtfFwuDP3BG0NCf0tJmw", 
      "description": ""
    }, 
    "keyword": "velenje", 
    "id": "WgeIRxHgh80", 
    "nr_views": 54, 
    "sentiment": "", 
    "language": "fr", 
    "created": "2017-12-20 15:51:11", 
    "title": "Gorenje Velenje (Slo) VS Meshkov Brest (Blr) Live 2017", 
    "type": "youtube-video"
  }, 
  "youtube-video-su7jNmpMgrI": {
    "description": "Live \u2192 http://v.ht/5WSF.", 
    "nr_comments": 0, 
    "tags": "", 
    "URL": "https://www.youtube.com/watch?v=su7jNmpMgrI", 
    "nr_dislikes": 0, 
    "nr_likes": 0, 
    "user": {
      "nr_friends": 0, 
      "name": "Cynthia C. Hylton 64", 
      "nr_videos": 0, 
      "created": "2017-12-08 11:03:00", 
      "URL": "https://www.youtube.com/channel/UCzhERehNKPz8mbHXLO-vNzg", 
      "country": null, 
      "id": "UCzhERehNKPz8mbHXLO-vNzg", 
      "description": ""
    }, 
    "keyword": "velenje", 
    "id": "su7jNmpMgrI", 
    "nr_views": 0, 
    "sentiment": "", 
    "language": "fr", 
    "created": "2017-12-17 15:31:24", 
    "title": "Dinamo (Srb) vs Gorenje Velenje (Slo) LIVE 2017", 
    "type": "youtube-video"
  }, 
  "youtube-video-X5u-f3AQcFw": {
    "description": "Dinamo (Srb) VS Gorenje Velenje (Slo) SEHA Liga \u2190 Live Stream \u2192http://free.wulungtv.com/dAu \u2190 Dinamo (Srb) VS Gorenje Velenje (Slo) Live Stream SEHA Liga Dinamo (Srb) VS Gorenje Velenje...", 
    "nr_comments": 0, 
    "tags": "", 
    "URL": "https://www.youtube.com/watch?v=X5u-f3AQcFw", 
    "nr_dislikes": 0, 
    "nr_likes": 0, 
    "user": {
      "nr_friends": 3668, 
      "name": "hitaman kolek", 
      "nr_videos": 1317, 
      "created": "2013-10-19 17:05:15", 
      "URL": "https://www.youtube.com/channel/UC5Y_fS6RSuKkNdJPbT59EqQ", 
      "country": null, 
      "id": "UC5Y_fS6RSuKkNdJPbT59EqQ", 
      "description": "Dinamo (Srb) VS Gorenje Velenje (Slo) Europe : SEHA Liga don't Forget to subcribe my chanel Live Stream \u2192http://my.securedpage.online/EEc Dinamo (Srb) VS Gorenje Velenje (Slo) Live Stream..."
    }, 
    "keyword": "velenje", 
    "id": "X5u-f3AQcFw", 
    "nr_views": 0, 
    "sentiment": "pos", 
    "language": "sl", 
    "created": "2017-12-17 16:42:35", 
    "title": "Dinamo (Srb)  v Gorenje Velenje (Slo) Live Stream - SEHA Liga Handball", 
    "type": "youtube-video"
  }, 
  "youtube-video-QNlBojr0GTY": {
    "description": "Dinamo (Srb) VS Gorenje Velenje (Slo) SEHA Liga \u2190 Live Stream \u2192http://joss.onlivehd.stream/IFs \u2190 Dinamo (Srb) VS Gorenje Velenje (Slo) Live Stream SEHA Liga Dinamo (Srb) VS Gorenje...", 
    "nr_comments": 0, 
    "tags": "", 
    "URL": "https://www.youtube.com/watch?v=QNlBojr0GTY", 
    "nr_dislikes": 0, 
    "nr_likes": 0, 
    "user": {
      "nr_friends": 3668, 
      "name": "karikartun hindahman", 
      "nr_videos": 1317, 
      "created": "2013-10-19 17:05:15", 
      "URL": "https://www.youtube.com/channel/UCp_Ln1tsliDNNEK0oCoaOyw", 
      "country": null, 
      "id": "UCp_Ln1tsliDNNEK0oCoaOyw", 
      "description": "SEHA - Gazprom League 2017/2018 - Facebook: https://www.facebook.com/SEHALeague/ - Twitter: http://twitter.com/SEHALeague - Instagram: http://instagram.com/seha_league/"
    }, 
    "keyword": "velenje", 
    "id": "QNlBojr0GTY", 
    "nr_views": 0, 
    "sentiment": "pos", 
    "language": "sl", 
    "created": "2017-12-17 17:12:08", 
    "title": "Dinamo (Srb)  - Gorenje Velenje (Slo) Live Stream - 12/17/2017 Handball", 
    "type": "youtube-video"
  }, 
  "youtube-video-DMzqvZoVwi4": {
    "description": "SEHA - Gazprom League 2017/2018 - Facebook: https://www.facebook.com/SEHALeague/ - Twitter: http://twitter.com/SEHALeague - Instagram: http://instagram.com/seha_league/", 
    "nr_comments": 0, 
    "tags": "SEHA, GAZPROM, LEAGUE, SEHA Gazprom League, Sport, Handball, Flash interview, Dinamo, Gorenje Velenje, Ivan Distol, Rok Golcar, Season 7, Season 2017/2018, Sports Asociation", 
    "URL": "https://www.youtube.com/watch?v=DMzqvZoVwi4", 
    "nr_dislikes": 0, 
    "nr_likes": 1, 
    "user": {
      "gender": "male", 
      "nr_friends": 3668, 
      "name": "SEHA Gazprom League", 
      "nr_videos": 1317, 
      "created": "2013-10-19 17:05:15", 
      "URL": "https://www.youtube.com/channel/UCXg0JLDvMkCKVgVWFSOdQ3g", 
      "country": null, 
      "id": "UCXg0JLDvMkCKVgVWFSOdQ3g", 
      "description": "SEHA (South East Handball Association) is an association consisting of handball clubs from Croatia, Macedonia, Slovakia, Serbia, Belarus and Slovenia. SEHA association controls the SEHA League, a unique handball competition that features 10 teams from mentioned countries. The league president is Mihajlo Mihajlovski, director of SEHA League is Sinisa Ostoic and the SEHA League commissioner is Marjan Nacevski."
    }, 
    "keyword": "velenje", 
    "id": "DMzqvZoVwi4", 
    "nr_views": 94, 
    "sentiment": "pos", 
    "language": "en", 
    "created": "2017-12-17 18:59:06", 
    "title": "Flash interview: Dinamo vs Gorenje Velenje", 
    "type": "youtube-video"
  }, 
  "youtube-video-RqzVe78qeIM": {
    "description": "(Watch!) Dinamo (Srb) vs Gorenje Velenje (Slo) Live Streaming 2017 | You Can Watch \"Dinamo (Srb) vs Gorenje Velenje (Slo)\" live stream In HD Visit! ?? Live Now :http://vip-livestreaming.cf/Fvu...", 
    "nr_comments": 0, 
    "tags": "", 
    "URL": "https://www.youtube.com/watch?v=RqzVe78qeIM", 
    "nr_dislikes": 0, 
    "nr_likes": 0, 
    "user": {
      "nr_friends": 3668, 
      "name": "neha gia", 
      "nr_videos": 1317, 
      "created": "2013-10-19 17:05:15", 
      "URL": "https://www.youtube.com/channel/UC2mHIu0M5Ey9-p6F1ZBWZlQ", 
      "country": null, 
      "id": "UC2mHIu0M5Ey9-p6F1ZBWZlQ", 
      "description": "Dinamo (Srb) VS Gorenje Velenje (Slo)\u2190 Live Stream \u2192 http://great.sporty-live.com/live.php?v=+Dinamo+(Srb)+VS+Gorenje+Velenje+(Slo)+SEHA+Liga Dinamo (Srb) VS Gorenje Velenje (Slo) Handball..."
    }, 
    "keyword": "velenje", 
    "id": "RqzVe78qeIM", 
    "nr_views": 0, 
    "sentiment": "pos", 
    "language": "sl", 
    "created": "2017-12-17 16:22:01", 
    "title": "Dinamo (Srb) vs Gorenje Velenje (Slo) (\"Live\") Handball - 2017", 
    "type": "youtube-video"
  }, 
  "youtube-video-dQRCVhLeN_Q": {
    "description": "Live \u2192 https://goo.gl/XJXtMy.", 
    "nr_comments": 0, 
    "tags": "", 
    "URL": "https://www.youtube.com/watch?v=dQRCVhLeN_Q", 
    "nr_dislikes": 0, 
    "nr_likes": 0, 
    "user": {
      "nr_friends": 1, 
      "name": "Luar Leor 1042", 
      "nr_videos": 0, 
      "created": "2017-12-12 07:51:38", 
      "URL": "https://www.youtube.com/channel/UC6rPVecdIaMxM5RDh6hvLJw", 
      "country": null, 
      "id": "UC6rPVecdIaMxM5RDh6hvLJw", 
      "description": ""
    }, 
    "keyword": "velenje", 
    "id": "dQRCVhLeN_Q", 
    "nr_views": 0, 
    "sentiment": "", 
    "language": "fr", 
    "created": "2017-12-17 15:35:41", 
    "title": "Dinamo (Srb) VS Gorenje Velenje (Slo) (2017) Live SEHA Liga", 
    "type": "youtube-video"
  }, 
  "youtube-video-SYRGb8-j8-U": {
    "description": "Gorenje Velenje (Slo) VS Meshkov Brest (Blr)\u2190 Live Stream \u2192 http://v.ht/livestream-bbF \u2190 Gorenje Velenje (Slo) VS Meshkov Brest (Blr) Handball : SEHA Liga Gorenje Velenje (Slo) VS...", 
    "nr_comments": 0, 
    "tags": "", 
    "URL": "https://www.youtube.com/watch?v=SYRGb8-j8-U", 
    "nr_dislikes": 0, 
    "nr_likes": 0, 
    "user": {
      "nr_friends": 0, 
      "name": "mopuzexoya casea", 
      "nr_videos": 0, 
      "created": "2017-12-20 13:10:28", 
      "URL": "https://www.youtube.com/channel/UCxrrk0ObbKEqAigCQ7QOiFA", 
      "country": null, 
      "id": "UCxrrk0ObbKEqAigCQ7QOiFA", 
      "description": ""
    }, 
    "keyword": "velenje", 
    "id": "SYRGb8-j8-U", 
    "nr_views": 0, 
    "sentiment": "pos", 
    "language": "sl", 
    "created": "2017-12-20 16:36:13", 
    "title": "Gorenje Velenje (Slo) VS Meshkov Brest (Blr) LIVE (2017) SEHA Liga", 
    "type": "youtube-video"
  }, 
  "youtube-video-nZgtgWSVSno": {
    "description": "www.zanase.si Rokometa\u0161i kluba Gorenje Velenje navijajo #zana\u0161e!", 
    "nr_comments": 0, 
    "tags": "zana\u0161e, telekom slovenije, navijamo", 
    "URL": "https://www.youtube.com/watch?v=nZgtgWSVSno", 
    "nr_dislikes": 0, 
    "nr_likes": 0, 
    "user": {
      "nr_friends": 1836, 
      "name": "Telekom Slovenije", 
      "nr_videos": 540, 
      "created": "2008-05-09 13:20:05", 
      "URL": "https://www.youtube.com/channel/UCANPfgydNSVIjkHei5bpmnw", 
      "country": null, 
      "id": "UCANPfgydNSVIjkHei5bpmnw", 
      "description": "Uradni YouTube kanal Telekoma Slovenije"
    }, 
    "keyword": "velenje", 
    "id": "nZgtgWSVSno", 
    "nr_views": 8, 
    "sentiment": "pos", 
    "language": "sl", 
    "created": "2017-12-20 06:53:28", 
    "title": "#zana\u0161e - RK Gorenje Velenje", 
    "type": "youtube-video"
  }, 
  "youtube-video-mmoPH4Mtmbc": {
    "description": "Obi\u010dajen sprehod v ambientu zimskega Velenja v \u010dasu dogodka \u010carobna promenada. Utrinki z dogodka \u010carobne promenade - http://bit.ly/2D3Qgh9 Spremljajte nas - www.velenjcan.si.", 
    "nr_comments": 0, 
    "tags": "velenjcan.si, velenjcan, \u010darobna promenada, zimsko velenje, velenje, sprehod skozi velenje, velenje pozimi, promenada velenje, velenjska promenada", 
    "URL": "https://www.youtube.com/watch?v=mmoPH4Mtmbc", 
    "nr_dislikes": 0, 
    "nr_likes": 2, 
    "user": {
      "nr_friends": 2, 
      "name": "Velenjcan si", 
      "nr_videos": 7, 
      "created": "2017-02-08 15:33:47", 
      "URL": "https://www.youtube.com/channel/UCPVKrkhuAkugqHIA8uztkIw", 
      "country": null, 
      "id": "UCPVKrkhuAkugqHIA8uztkIw", 
      "description": ""
    }, 
    "keyword": "velenje", 
    "id": "mmoPH4Mtmbc", 
    "nr_views": 9, 
    "sentiment": "pos", 
    "language": "sl", 
    "created": "2017-12-19 09:45:58", 
    "title": "Sprehod skozi \u010darobno Velenje", 
    "type": "youtube-video"
  }, 
  "youtube-video-DGCfaq3HhrU": {
    "description": "Gorenje Velenje (Slo) VS Meshkov Brest (Blr) SEHA Liga \u2190 Live Stream \u2192http://palabuhan.me/1rt \u2190 Gorenje Velenje (Slo) VS Meshkov Brest (Blr) Live Stream SEHA Liga Gorenje Velenje...", 
    "nr_comments": 0, 
    "tags": "", 
    "URL": "https://www.youtube.com/watch?v=DGCfaq3HhrU", 
    "nr_dislikes": 0, 
    "nr_likes": 0, 
    "user": {
      "nr_friends": 42, 
      "name": "kasih sayank", 
      "nr_videos": 0, 
      "created": "2017-12-20 15:25:03", 
      "URL": "https://www.youtube.com/channel/UCokk1KzYfphowPCkA_sw2wQ", 
      "country": null, 
      "id": "UCokk1KzYfphowPCkA_sw2wQ", 
      "description": ""
    }, 
    "keyword": "velenje", 
    "id": "DGCfaq3HhrU", 
    "nr_views": 0, 
    "sentiment": "pos", 
    "language": "sl", 
    "created": "2017-12-20 15:58:47", 
    "title": "Gorenje Velenje (Slo)  VS Meshkov Brest (Blr) Live Stream SEHA Liga 20/12/2017", 
    "type": "youtube-video"
  }, 
  "youtube-video-AkTdfINuOmQ": {
    "description": "", 
    "nr_comments": 0, 
    "tags": "", 
    "URL": "https://www.youtube.com/watch?v=AkTdfINuOmQ", 
    "nr_dislikes": 0, 
    "nr_likes": 1, 
    "user": {
      "nr_friends": 184, 
      "name": "Mestna ob\u010dina Velenje - MOV", 
      "nr_videos": 17, 
      "created": "2012-04-06 18:33:44", 
      "URL": "https://www.youtube.com/channel/UCYdKPjmmyyM6XARrzdp6KlA", 
      "country": null, 
      "id": "UCYdKPjmmyyM6XARrzdp6KlA", 
      "description": ""
    }, 
    "keyword": "velenje", 
    "id": "AkTdfINuOmQ", 
    "nr_views": 23, 
    "sentiment": "", 
    "language": "", 
    "created": "2017-12-21 06:20:47", 
    "title": "Velenje v \u017dIVO", 
    "type": "youtube-video"
  }, 
  "youtube-video-9V7Fb53wD-U": {
    "description": "SEHA - Gazprom League 2017/2018 - Facebook: https://www.facebook.com/SEHALeague/ - Twitter: http://twitter.com/SEHALeague - Instagram: http://instagram.com/seha_league/", 
    "nr_comments": 0, 
    "tags": "SEHA, GAZPROM, LEAGUE, SEHA Gazprom League, Sport, Handball, Season 7, Match highlights, Dinamo, Pancevo, Gorenje Velenje, Sports Asociation", 
    "URL": "https://www.youtube.com/watch?v=9V7Fb53wD-U", 
    "nr_dislikes": 0, 
    "nr_likes": 4, 
    "user": {
      "gender": "male", 
      "nr_friends": 3668, 
      "name": "SEHA Gazprom League", 
      "nr_videos": 1317, 
      "created": "2013-10-19 17:05:15", 
      "URL": "https://www.youtube.com/channel/UCXg0JLDvMkCKVgVWFSOdQ3g", 
      "country": null, 
      "id": "UCXg0JLDvMkCKVgVWFSOdQ3g", 
      "description": "SEHA (South East Handball Association) is an association consisting of handball clubs from Croatia, Macedonia, Slovakia, Serbia, Belarus and Slovenia. SEHA association controls the SEHA League, a unique handball competition that features 10 teams from mentioned countries. The league president is Mihajlo Mihajlovski, director of SEHA League is Sinisa Ostoic and the SEHA League commissioner is Marjan Nacevski."
    }, 
    "keyword": "velenje", 
    "id": "9V7Fb53wD-U", 
    "nr_views": 392, 
    "sentiment": "pos", 
    "language": "en", 
    "created": "2017-12-17 19:22:29", 
    "title": "Match highlights: Dinamo vs Gorenje Velenje", 
    "type": "youtube-video"
  }, 
  "youtube-video-cDS4QWWnVkc": {
    "description": "Live \u2192 http://v.ht/5WSF.", 
    "nr_comments": 0, 
    "tags": "", 
    "URL": "https://www.youtube.com/watch?v=cDS4QWWnVkc", 
    "nr_dislikes": 0, 
    "nr_likes": 0, 
    "user": {
      "nr_friends": 0, 
      "name": "Cynthia C. Hylton 64", 
      "nr_videos": 0, 
      "created": "2017-12-08 11:03:00", 
      "URL": "https://www.youtube.com/channel/UCzhERehNKPz8mbHXLO-vNzg", 
      "country": null, 
      "id": "UCzhERehNKPz8mbHXLO-vNzg", 
      "description": ""
    }, 
    "keyword": "velenje", 
    "id": "cDS4QWWnVkc", 
    "nr_views": 0, 
    "sentiment": "", 
    "language": "fr", 
    "created": "2017-12-17 15:32:03", 
    "title": "LIVE Dinamo (Srb) vs Gorenje Velenje (Slo) STREAM/2017", 
    "type": "youtube-video"
  }, 
  "youtube-video-uA4O-x87vyA": {
    "description": "SEHA - Gazprom League 2017/2018 - Facebook: https://www.facebook.com/SEHALeague/ - Twitter: http://twitter.com/SEHALeague - Instagram: http://instagram.com/seha_league/", 
    "nr_comments": 0, 
    "tags": "SEHA, GAZPROM, LEAGUE, Seha Gazprom League, Sport, Handball, Flash interview, Gorenje Velenje, Meshkov Brest, Season 7, Season 2017/2018, Sports Asociation", 
    "URL": "https://www.youtube.com/watch?v=uA4O-x87vyA", 
    "nr_dislikes": 0, 
    "nr_likes": 0, 
    "user": {
      "gender": "male", 
      "nr_friends": 3668, 
      "name": "SEHA Gazprom League", 
      "nr_videos": 1317, 
      "created": "2013-10-19 17:05:15", 
      "URL": "https://www.youtube.com/channel/UCXg0JLDvMkCKVgVWFSOdQ3g", 
      "country": null, 
      "id": "UCXg0JLDvMkCKVgVWFSOdQ3g", 
      "description": "SEHA (South East Handball Association) is an association consisting of handball clubs from Croatia, Macedonia, Slovakia, Serbia, Belarus and Slovenia. SEHA association controls the SEHA League, a unique handball competition that features 10 teams from mentioned countries. The league president is Mihajlo Mihajlovski, director of SEHA League is Sinisa Ostoic and the SEHA League commissioner is Marjan Nacevski."
    }, 
    "keyword": "velenje", 
    "id": "uA4O-x87vyA", 
    "nr_views": 70, 
    "sentiment": "pos", 
    "language": "en", 
    "created": "2017-12-20 19:41:19", 
    "title": "Flash interview: Gorenje Velenje vs Meshkov Brest", 
    "type": "youtube-video"
  }, 
  "youtube-video-34eRprAINyI": {
    "description": "", 
    "nr_comments": 0, 
    "tags": "", 
    "URL": "https://www.youtube.com/watch?v=34eRprAINyI", 
    "nr_dislikes": 0, 
    "nr_likes": 0, 
    "user": {
      "nr_friends": 184, 
      "name": "Mestna ob\u010dina Velenje - MOV", 
      "nr_videos": 17, 
      "created": "2012-04-06 18:33:44", 
      "URL": "https://www.youtube.com/channel/UCYdKPjmmyyM6XARrzdp6KlA", 
      "country": null, 
      "id": "UCYdKPjmmyyM6XARrzdp6KlA", 
      "description": ""
    }, 
    "keyword": "velenje", 
    "id": "34eRprAINyI", 
    "nr_views": 91, 
    "sentiment": "", 
    "language": "", 
    "created": "2017-12-21 06:32:40", 
    "title": "25. seja Sveta Mestne ob\u010dine Velenje", 
    "type": "youtube-video"
  }, 
  "youtube-video-AvVOVCa08r4": {
    "description": "Dinamo (Srb) VS Gorenje Velenje (Slo) Live \u2192 https://goo.gl/XJXtMy.", 
    "nr_comments": 0, 
    "tags": "", 
    "URL": "https://www.youtube.com/watch?v=AvVOVCa08r4", 
    "nr_dislikes": 0, 
    "nr_likes": 0, 
    "user": {
      "nr_friends": 0, 
      "name": "Luar Leor 1001", 
      "nr_videos": 0, 
      "created": "2017-12-12 07:51:14", 
      "URL": "https://www.youtube.com/channel/UCcfwSdveakCyuvX6YJaZKbA", 
      "country": null, 
      "id": "UCcfwSdveakCyuvX6YJaZKbA", 
      "description": ""
    }, 
    "keyword": "velenje", 
    "id": "AvVOVCa08r4", 
    "nr_views": 0, 
    "sentiment": "neg", 
    "language": "sl", 
    "created": "2017-12-17 15:25:13", 
    "title": "Dinamo (Srb) VS Gorenje Velenje (Slo)  Live Stream (2017)", 
    "type": "youtube-video"
  }, 
  "youtube-video-hJFvlXXbKBg": {
    "description": "Gorenje Velenje (Slo) VS Meshkov Brest (Blr) SEHA Liga\u2190 (DIRECTO) serVer 2 Live \u2192http://bit.ly/2z4d4tW\u2190 SEHA Liga Handball Association Game Gorenje Velenje (Slo) VS Meshkov Brest...", 
    "nr_comments": 0, 
    "tags": "", 
    "URL": "https://www.youtube.com/watch?v=hJFvlXXbKBg", 
    "nr_dislikes": 0, 
    "nr_likes": 0, 
    "user": {
      "nr_friends": 0, 
      "name": "egdfbc ponik", 
      "nr_videos": 0, 
      "created": "2017-12-20 13:10:28", 
      "URL": "https://www.youtube.com/channel/UCnB0U5wiyEp4oaan_8mEqdA", 
      "country": null, 
      "id": "UCnB0U5wiyEp4oaan_8mEqdA", 
      "description": "Gorenje Velenje (Slo) VS Meshkov Brest (Blr)\u2190 Live Stream \u2192 http://v.ht/livestream-bbF \u2190 Gorenje Velenje (Slo) VS Meshkov Brest (Blr) Handball : SEHA Liga Gorenje Velenje (Slo) VS..."
    }, 
    "keyword": "velenje", 
    "id": "hJFvlXXbKBg", 
    "nr_views": 0, 
    "sentiment": "pos", 
    "language": "sl", 
    "created": "2017-12-20 16:04:28", 
    "title": "live stream~Handball Gorenje Velenje (Slo) VS Meshkov Brest (Blr) (2017)", 
    "type": "youtube-video"
  }, 
  "youtube-video-Rsewm0lYNEE": {
    "description": "Dinamo (Srb) VS Gorenje Velenje (Slo) Europe : SEHA Liga don't Forget to subcribe my chanel Live Stream \u2192http://my.securedpage.online/EEc Dinamo (Srb) VS Gorenje Velenje (Slo) Live Stream...", 
    "nr_comments": 0, 
    "tags": "", 
    "URL": "https://www.youtube.com/watch?v=Rsewm0lYNEE", 
    "nr_dislikes": 0, 
    "nr_likes": 0, 
    "user": {
      "nr_friends": 3668, 
      "name": "Coj80 Champion", 
      "nr_videos": 1317, 
      "created": "2013-10-19 17:05:15", 
      "URL": "https://www.youtube.com/channel/UC5aXh97TNctLMIfVsYECtcQ", 
      "country": null, 
      "id": "UC5aXh97TNctLMIfVsYECtcQ", 
      "description": "Dinamo (Srb) VS Gorenje Velenje (Slo)\u2190 Live Stream \u2192 http://premium.sporty-live.com/live.php?v=Dinamo+(Srb)+VS+Gorenje+Velenje+(Slo)&c=SEHA+Liga Dinamo (Srb) VS Gorenje Velenje (Slo)..."
    }, 
    "keyword": "velenje", 
    "id": "Rsewm0lYNEE", 
    "nr_views": 0, 
    "sentiment": "pos", 
    "language": "sl", 
    "created": "2017-12-17 16:57:37", 
    "title": "Dinamo (Srb) V Gorenje Velenje (Slo) Live stream - 2017", 
    "type": "youtube-video"
  }, 
  "youtube-video-DOjVuWIDRjQ": {
    "description": "Dinamo (Srb) VS Gorenje Velenje (Slo) SEHA Liga \u2190 Live Stream \u2192http://palabuhan.me/5Qs \u2190 Dinamo (Srb) VS Gorenje Velenje (Slo) Live Stream SEHA Liga Dinamo (Srb) VS Gorenje Velenje...", 
    "nr_comments": 0, 
    "tags": "", 
    "URL": "https://www.youtube.com/watch?v=DOjVuWIDRjQ", 
    "nr_dislikes": 0, 
    "nr_likes": 0, 
    "user": {
      "nr_friends": 0, 
      "name": "goregan hanet", 
      "nr_videos": 0, 
      "created": "2017-12-12 07:50:48", 
      "URL": "https://www.youtube.com/channel/UCtp4I10hn4bE4f4IyXdEj7A", 
      "country": null, 
      "id": "UCtp4I10hn4bE4f4IyXdEj7A", 
      "description": "Dinamo (Srb) VS Gorenje Velenje (Slo) Live \u2192 https://goo.gl/XJXtMy."
    }, 
    "keyword": "velenje", 
    "id": "DOjVuWIDRjQ", 
    "nr_views": 0, 
    "sentiment": "pos", 
    "language": "sl", 
    "created": "2017-12-17 15:12:00", 
    "title": "Dinamo (Srb)   VS Gorenje Velenje (Slo) Live Stream SEHA Liga 17/12/2017", 
    "type": "youtube-video"
  }, 
  "youtube-video-BjoUu6Ld_3U": {
    "description": "Dinamo (Srb) VS Gorenje Velenje (Slo) Live \u2192 https://goo.gl/XJXtMy.", 
    "nr_comments": 0, 
    "tags": "", 
    "URL": "https://www.youtube.com/watch?v=BjoUu6Ld_3U", 
    "nr_dislikes": 0, 
    "nr_likes": 0, 
    "user": {
      "nr_friends": 0, 
      "name": "Luar Leor 1031", 
      "nr_videos": 0, 
      "created": "2017-12-12 07:50:48", 
      "URL": "https://www.youtube.com/channel/UCnzFZ9xBW5YAErydKwAVSgw", 
      "country": null, 
      "id": "UCnzFZ9xBW5YAErydKwAVSgw", 
      "description": ""
    }, 
    "keyword": "velenje", 
    "id": "BjoUu6Ld_3U", 
    "nr_views": 0, 
    "sentiment": "neg", 
    "language": "sl", 
    "created": "2017-12-17 15:15:58", 
    "title": "Dinamo (Srb) VS Gorenje Velenje (Slo)  Live Stream (2017)", 
    "type": "youtube-video"
  }, 
  "youtube-video-XIf0xVqnjvg": {
    "description": "Dinamo (Srb) VS Gorenje Velenje (Slo)\u2190 Live Stream \u2192 http://great.sporty-live.com/live.php?v=+Dinamo+(Srb)+VS+Gorenje+Velenje+(Slo)+SEHA+Liga Dinamo (Srb) VS Gorenje Velenje (Slo) Handball...", 
    "nr_comments": 0, 
    "tags": "", 
    "URL": "https://www.youtube.com/watch?v=XIf0xVqnjvg", 
    "nr_dislikes": 0, 
    "nr_likes": 0, 
    "user": {
      "nr_friends": 3668, 
      "name": "kavovuh guye", 
      "nr_videos": 1317, 
      "created": "2013-10-19 17:05:15", 
      "URL": "https://www.youtube.com/channel/UCElaPBYT7870EP5i2lVTkNg", 
      "country": null, 
      "id": "UCElaPBYT7870EP5i2lVTkNg", 
      "description": "Dinamo (Srb) VS Gorenje Velenje (Slo) SEHA Liga \u2190 Live Stream \u2192http://free.wulungtv.com/dAu \u2190 Dinamo (Srb) VS Gorenje Velenje (Slo) Live Stream SEHA Liga Dinamo (Srb) VS Gorenje Velenje..."
    }, 
    "keyword": "velenje", 
    "id": "XIf0xVqnjvg", 
    "nr_views": 0, 
    "sentiment": "pos", 
    "language": "sl", 
    "created": "2017-12-17 16:38:35", 
    "title": "Dinamo (Srb) VS Gorenje Velenje (Slo) LIVE Stream (2017)", 
    "type": "youtube-video"
  }, 
  "youtube-video-UOV94-BCxvA": {
    "description": "(Watch!) Gorenje Velenje vs Meshkov Brest Live Streaming 2017 | You Can Watch \"Gorenje Velenje vs Meshkov Brest\" live stream In HD Visit! ?? Live Now :http://vip-livestreaming.cf/d9u =============...", 
    "nr_comments": 0, 
    "tags": "Gorenje Velenje vs Meshkov Brest live stream, live Gorenje Velenje vs Meshkov Brest stream, live stream Gorenje Velenje vs Meshkov Brest, watch Gorenje Velenje vs Meshkov Brest live stream", 
    "URL": "https://www.youtube.com/watch?v=UOV94-BCxvA", 
    "nr_dislikes": 0, 
    "nr_likes": 0, 
    "user": {
      "nr_friends": 1, 
      "name": "Angka Satu Live", 
      "nr_videos": 0, 
      "created": "2017-12-20 07:08:41", 
      "URL": "https://www.youtube.com/channel/UCIy2jNKrNqj4XSdMvRFuRmw", 
      "country": null, 
      "id": "UCIy2jNKrNqj4XSdMvRFuRmw", 
      "description": ""
    }, 
    "keyword": "velenje", 
    "id": "UOV94-BCxvA", 
    "nr_views": 0, 
    "sentiment": "neg", 
    "language": "en", 
    "created": "2017-12-20 07:34:26", 
    "title": "Gorenje Velenje - Meshkov Brest Live Handball 20 Dec,2017", 
    "type": "youtube-video"
  }, 
  "youtube-video-3eBPju6dh88": {
    "description": "SEHA - Gazprom League 2017/2018 - Facebook: https://www.facebook.com/SEHALeague/ - Twitter: http://twitter.com/SEHALeague - Instagram: http://instagram.com/seha_league/", 
    "nr_comments": 0, 
    "tags": "SEHA, GAZPROM, LEAGUE, Seha Gazprom League, Sport, Handball, Season 7, Best goal, Matic Verdinek, Gorenje Velenje, Meshkov Brest, Round 8, Season 2017/2018, Sports Asociation", 
    "URL": "https://www.youtube.com/watch?v=3eBPju6dh88", 
    "nr_dislikes": 0, 
    "nr_likes": 0, 
    "user": {
      "gender": "male", 
      "nr_friends": 3668, 
      "name": "SEHA Gazprom League", 
      "nr_videos": 1317, 
      "created": "2013-10-19 17:05:15", 
      "URL": "https://www.youtube.com/channel/UCXg0JLDvMkCKVgVWFSOdQ3g", 
      "country": null, 
      "id": "UCXg0JLDvMkCKVgVWFSOdQ3g", 
      "description": "SEHA (South East Handball Association) is an association consisting of handball clubs from Croatia, Macedonia, Slovakia, Serbia, Belarus and Slovenia. SEHA association controls the SEHA League, a unique handball competition that features 10 teams from mentioned countries. The league president is Mihajlo Mihajlovski, director of SEHA League is Sinisa Ostoic and the SEHA League commissioner is Marjan Nacevski."
    }, 
    "keyword": "velenje", 
    "id": "3eBPju6dh88", 
    "nr_views": 111, 
    "sentiment": "pos", 
    "language": "en", 
    "created": "2017-12-20 18:33:41", 
    "title": "Best goal: Matic Verdinek (Gorenje Velenje vs Meshkov Brest)", 
    "type": "youtube-video"
  }, 
  "youtube-video-XQoqW9I0NZA": {
    "description": "SEHA - Gazprom League 2017/2018 - Facebook: https://www.facebook.com/SEHALeague/ - Twitter: http://twitter.com/SEHALeague - Instagram: http://instagram.com/seha_league/", 
    "nr_comments": 0, 
    "tags": "SEHA, GAZPROM, LEAGUE, SEHA Gazprom League, Sport, Handball, Play of the match, Rok Golcar, Dinamo, Gorenje Velenje, Season 2017/2018, Season 7, Sports Asociation", 
    "URL": "https://www.youtube.com/watch?v=XQoqW9I0NZA", 
    "nr_dislikes": 1, 
    "nr_likes": 3, 
    "user": {
      "gender": "male", 
      "nr_friends": 3668, 
      "name": "SEHA Gazprom League", 
      "nr_videos": 1317, 
      "created": "2013-10-19 17:05:15", 
      "URL": "https://www.youtube.com/channel/UCXg0JLDvMkCKVgVWFSOdQ3g", 
      "country": null, 
      "id": "UCXg0JLDvMkCKVgVWFSOdQ3g", 
      "description": "SEHA (South East Handball Association) is an association consisting of handball clubs from Croatia, Macedonia, Slovakia, Serbia, Belarus and Slovenia. SEHA association controls the SEHA League, a unique handball competition that features 10 teams from mentioned countries. The league president is Mihajlo Mihajlovski, director of SEHA League is Sinisa Ostoic and the SEHA League commissioner is Marjan Nacevski."
    }, 
    "keyword": "velenje", 
    "id": "XQoqW9I0NZA", 
    "nr_views": 162, 
    "sentiment": "pos", 
    "language": "en", 
    "created": "2017-12-17 18:31:22", 
    "title": "Play of the match: Rok Golcar (Dinamo vs Gorenje Velenje)", 
    "type": "youtube-video"
  }, 
  "youtube-video-gwsImZg2ZIM": {
    "description": "Dj krmak na koncertu sa Moni pao sa stola zajedno sa Moni.", 
    "nr_comments": 0, 
    "tags": "dj krmak, komedija, fail, fail wins", 
    "URL": "https://www.youtube.com/watch?v=gwsImZg2ZIM", 
    "nr_dislikes": 0, 
    "nr_likes": 3, 
    "user": {
      "nr_friends": 20, 
      "name": "Emmy channel", 
      "nr_videos": 1, 
      "created": "2017-01-03 18:11:30", 
      "URL": "https://www.youtube.com/channel/UCOLhtFPvucwjs90pSqRx92A", 
      "country": null, 
      "id": "UCOLhtFPvucwjs90pSqRx92A", 
      "description": ""
    }, 
    "keyword": "velenje", 
    "id": "gwsImZg2ZIM", 
    "nr_views": 32, 
    "sentiment": "", 
    "language": "hr", 
    "created": "2017-12-19 11:17:03", 
    "title": "DJ Krmak pao sa stola (velenje)", 
    "type": "youtube-video"
  }, 
  "youtube-video-82Znm6xx5Pc": {
    "description": "Dinamo (Srb) VS Gorenje Velenje (Slo)\u2190 Live Stream \u2192 http://premium.sporty-live.com/live.php?v=Dinamo+(Srb)+VS+Gorenje+Velenje+(Slo)&c=SEHA+Liga Dinamo (Srb) VS Gorenje Velenje (Slo)...", 
    "nr_comments": 0, 
    "tags": "", 
    "URL": "https://www.youtube.com/watch?v=82Znm6xx5Pc", 
    "nr_dislikes": 0, 
    "nr_likes": 0, 
    "user": {
      "nr_friends": 3668, 
      "name": "Zokuwohir Cshwh", 
      "nr_videos": 1317, 
      "created": "2013-10-19 17:05:15", 
      "URL": "https://www.youtube.com/channel/UCup2WEjlBuuPfFlQs8z-RNg", 
      "country": null, 
      "id": "UCup2WEjlBuuPfFlQs8z-RNg", 
      "description": "Dinamo (Srb) VS Gorenje Velenje (Slo) SEHA Liga \u2190 Live Stream \u2192http://joss.onlivehd.stream/IFs \u2190 Dinamo (Srb) VS Gorenje Velenje (Slo) Live Stream SEHA Liga Dinamo (Srb) VS Gorenje..."
    }, 
    "keyword": "velenje", 
    "id": "82Znm6xx5Pc", 
    "nr_views": 0, 
    "sentiment": "pos", 
    "language": "sl", 
    "created": "2017-12-17 17:02:52", 
    "title": "Dinamo (Srb) VS Gorenje Velenje (Slo) Live Stream (2017)", 
    "type": "youtube-video"
  }, 
  "youtube-video-FwyOWlGTBmw": {
    "description": "Dinamo (Srb) vs Gorenje Velenje (Slo) EUROPE: SEHA Liga \u2190 Live Stream \u2192http://rey.vivosporthd.stream/54u \u2190 Dinamo (Srb) vs Gorenje Velenje (Slo) Live Stream EUROPE: SEHA Liga Dinamo...", 
    "nr_comments": 0, 
    "tags": "", 
    "URL": "https://www.youtube.com/watch?v=FwyOWlGTBmw", 
    "nr_dislikes": 0, 
    "nr_likes": 0, 
    "user": {
      "nr_friends": 0, 
      "name": "simesta sports", 
      "nr_videos": 0, 
      "created": "2017-12-12 07:50:48", 
      "URL": "https://www.youtube.com/channel/UCQG_i2CSq3ZB34OcuAt9VTQ", 
      "country": null, 
      "id": "UCQG_i2CSq3ZB34OcuAt9VTQ", 
      "description": "Dinamo (Srb) vs Gorenje Velenje (Slo) EUROPE: SEHA Liga \u2190 Live Stream \u2192http://rey.vivosporthd.stream/54u \u2190 Dinamo (Srb) vs Gorenje Velenje (Slo) Live Stream EUROPE: SEHA Liga Dinamo..."
    }, 
    "keyword": "velenje", 
    "id": "FwyOWlGTBmw", 
    "nr_views": 0, 
    "sentiment": "pos", 
    "language": "sl", 
    "created": "2017-12-17 13:40:11", 
    "title": "Dinamo (Srb) vs Gorenje Velenje (Slo) - EUROPE: SEHA Liga 2017", 
    "type": "youtube-video"
  }, 
  "youtube-video-EKzGg484YAs": {
    "description": "Live \u2192 http://bit.ly/2DgKzMT.", 
    "nr_comments": 0, 
    "tags": "", 
    "URL": "https://www.youtube.com/watch?v=EKzGg484YAs", 
    "nr_dislikes": 0, 
    "nr_likes": 0, 
    "user": {
      "nr_friends": 50, 
      "name": "Esti Magriawati", 
      "nr_videos": 0, 
      "created": "2017-12-06 12:32:29", 
      "URL": "https://www.youtube.com/channel/UC43UtfFwuDP3BG0NCf0tJmw", 
      "country": null, 
      "id": "UC43UtfFwuDP3BG0NCf0tJmw", 
      "description": ""
    }, 
    "keyword": "velenje", 
    "id": "EKzGg484YAs", 
    "nr_views": 80, 
    "sentiment": "", 
    "language": "fr", 
    "created": "2017-12-20 15:51:53", 
    "title": "Live Gorenje Velenje (Slo) VS Meshkov Brest (Blr) 2017", 
    "type": "youtube-video"
  }, 
  "youtube-video-kDkIRovkrDQ": {
    "description": "Dinamo (Srb) VS Gorenje Velenje (Slo) SEHA Liga \u2190 Live Stream \u2192http://free.wulungtv.com/dAu \u2190 Dinamo (Srb) VS Gorenje Velenje (Slo) Live Stream SEHA Liga Dinamo (Srb) VS Gorenje Velenje...", 
    "nr_comments": 0, 
    "tags": "", 
    "URL": "https://www.youtube.com/watch?v=kDkIRovkrDQ", 
    "nr_dislikes": 0, 
    "nr_likes": 0, 
    "user": {
      "nr_friends": 3668, 
      "name": "abah turki", 
      "nr_videos": 1317, 
      "created": "2013-10-19 17:05:15", 
      "URL": "https://www.youtube.com/channel/UCBfIkJuLbBFG6CpqdvP4FIQ", 
      "country": null, 
      "id": "UCBfIkJuLbBFG6CpqdvP4FIQ", 
      "description": "(Watch!) Dinamo (Srb) vs Gorenje Velenje (Slo) Live Streaming 2017 | You Can Watch \"Dinamo (Srb) vs Gorenje Velenje (Slo)\" live stream In HD Visit! ?? Live Now :http://vip-livestreaming.cf/Fvu..."
    }, 
    "keyword": "velenje", 
    "id": "kDkIRovkrDQ", 
    "nr_views": 0, 
    "sentiment": "pos", 
    "language": "sl", 
    "created": "2017-12-17 15:56:22", 
    "title": "Dinamo (Srb)  v Gorenje Velenje (Slo) Live Stream - SEHA Liga Handball", 
    "type": "youtube-video"
  }
}